listing_id,review_id,date,reviewer_id
430,1,2022-07-01,11989
547,2,2023-03-19,7023
555,3,2023-10-08,7448
359,4,2023-05-30,9075
183,5,2024-03-27,10534
18,6,2024-01-12,11733
155,7,2023-11-13,8201
386,8,2020-02-18,10701
409,9,2021-12-26,8149
175,10,2022-11-10,7899
589,11,2025-04-20,5771
142,12,2019-08-18,8671
210,13,2019-06-15,10052
520,14,2022-08-26,9632
167,15,2019-11-07,7671
229,16,2022-10-03,7235
446,17,2023-01-17,10213
10,18,2024-07-26,8640
306,19,2025-12-10,6118
594,20,2025-08-30,9979
24,21,2020-12-27,7196
487,22,2017-08-07,11265
422,23,2020-09-28,9835
312,24,2016-09-14,11262
449,25,2022-06-09,10068
406,26,2021-06-07,5176
576,27,2016-01-16,9532
469,28,2019-06-11,10619
510,29,2018-11-10,9580
361,30,2023-09-09,10061
585,31,2019-03-10,8322
283,32,2016-11-04,9170
199,33,2024-12-31,9982
517,34,2025-07-01,7476
116,35,2020-08-10,8785
249,36,2019-03-29,11872
470,37,2021-10-26,10160
352,38,2018-04-24,8265
596,39,2022-01-06,11622
547,40,2017-03-13,8119
300,41,2024-09-15,9786
547,42,2016-04-24,7172
297,43,2019-07-18,5080
171,44,2023-06-08,10242
528,45,2025-01-15,8231
11,46,2019-08-31,6400
122,47,2025-05-16,5257
168,48,2020-06-20,6143
470,49,2016-06-09,8249
410,50,2019-04-02,9529
63,51,2016-03-15,11880
558,52,2018-01-03,7216
548,53,2025-05-07,7069
368,54,2021-10-31,5855
227,55,2016-01-03,9557
553,56,2022-06-05,9551
195,57,2025-10-23,10453
43,58,2019-09-13,8952
313,59,2023-06-24,11674
554,60,2022-03-07,6941
486,61,2018-12-08,11827
109,62,2022-03-16,7847
426,63,2025-09-15,6937
15,64,2017-09-03,8662
380,65,2026-04-06,5104
49,66,2016-01-03,6743
48,67,2023-08-15,7825
400,68,2024-07-09,10560
413,69,2017-02-21,9851
365,70,2023-03-27,6665
18,71,2026-03-21,7928
397,72,2019-04-14,5795
572,73,2018-12-05,11285
579,74,2018-02-23,11762
449,75,2022-01-26,10447
302,76,2020-11-04,8676
584,77,2016-07-31,9117
492,78,2026-04-01,10906
20,79,2023-05-01,5969
544,80,2021-04-17,6327
425,81,2025-11-06,10265
36,82,2016-05-07,5925
209,83,2020-10-17,8050
126,84,2016-07-13,6891
278,85,2026-04-21,7421
311,86,2018-10-29,6077
45,87,2020-05-30,8964
281,88,2023-06-17,7809
433,89,2022-04-07,8283
384,90,2017-11-06,7464
40,91,2020-03-27,6161
130,92,2017-04-23,7650
353,93,2022-11-08,9893
447,94,2025-10-12,8913
141,95,2019-07-15,8485
183,96,2018-01-24,6481
128,97,2022-10-30,5064
340,98,2018-08-24,6765
302,99,2020-12-05,11497
31,100,2018-11-25,9087
315,101,2021-05-21,8185
311,102,2022-01-25,7363
334,103,2020-03-05,9892
229,104,2022-09-26,8580
335,105,2017-11-30,5789
238,106,2021-12-28,6845
321,107,2016-01-26,9006
84,108,2017-07-15,7354
342,109,2024-03-03,7848
224,110,2017-02-20,6361
58,111,2016-01-14,11070
256,112,2020-06-03,6046
190,113,2017-01-09,5556
484,114,2018-08-28,11379
147,115,2023-02-07,8795
507,116,2017-10-05,8486
278,117,2022-01-04,10263
559,118,2024-03-15,7018
355,119,2022-03-26,7629
329,120,2022-03-19,7660
176,121,2018-01-11,9787
313,122,2017-11-28,10580
355,123,2017-07-27,10839
321,124,2017-02-19,8326
119,125,2021-08-19,7684
501,126,2020-02-17,10037
87,127,2021-01-11,5545
57,128,2019-10-08,5427
542,129,2025-07-20,10216
49,130,2020-01-27,7527
95,131,2018-11-24,8671
466,132,2019-06-12,7205
483,133,2018-08-01,11264
375,134,2023-02-28,6759
366,135,2024-08-29,6156
305,136,2020-11-30,9332
303,137,2017-04-04,11826
473,138,2017-05-02,7919
595,139,2019-05-14,10753
585,140,2021-02-24,6633
267,141,2019-03-31,11941
209,142,2016-05-30,7730
237,143,2021-06-23,9182
548,144,2016-05-04,6820
200,145,2017-05-26,9340
223,146,2020-09-21,5681
71,147,2023-09-20,6646
246,148,2025-04-04,10278
534,149,2026-04-19,9922
187,150,2020-10-15,5306
526,151,2021-04-27,9145
548,152,2025-12-22,6434
571,153,2016-10-06,7888
179,154,2021-05-19,9450
487,155,2018-03-15,5078
293,156,2025-04-11,9545
446,157,2018-01-23,7588
65,158,2019-07-07,6487
126,159,2020-12-28,10664
314,160,2020-07-31,7676
218,161,2026-05-23,7682
232,162,2021-05-30,11653
525,163,2016-07-23,5831
525,164,2022-05-01,5879
365,165,2020-10-06,10616
490,166,2018-02-09,7396
286,167,2025-09-30,8125
509,168,2016-12-24,11022
491,169,2020-12-18,11080
388,170,2017-10-27,9853
408,171,2022-08-08,5534
318,172,2018-07-08,6719
406,173,2017-07-13,9814
590,174,2018-11-18,8080
441,175,2018-12-09,7797
54,176,2022-11-01,9813
589,177,2022-07-27,11474
30,178,2023-09-25,5302
115,179,2016-07-16,9360
568,180,2019-10-25,8929
234,181,2022-06-23,5138
545,182,2026-02-27,6916
349,183,2017-11-01,5779
88,184,2022-01-22,9869
420,185,2023-06-10,9276
298,186,2026-02-22,7355
175,187,2023-04-18,7415
400,188,2019-02-08,11030
527,189,2024-09-15,9232
305,190,2022-12-11,11152
469,191,2022-07-15,8036
449,192,2017-11-30,9596
380,193,2025-03-28,11349
503,194,2019-09-07,10202
585,195,2019-11-28,11178
533,196,2017-06-01,9246
114,197,2025-06-13,9852
53,198,2018-01-03,6175
74,199,2020-12-11,11104
598,200,2021-03-10,10989
552,201,2022-10-31,10409
76,202,2025-03-12,6127
307,203,2021-12-06,9427
193,204,2023-03-03,9984
463,205,2026-01-29,5671
474,206,2016-02-28,7688
595,207,2021-12-07,7451
269,208,2026-05-18,7692
102,209,2024-11-09,7178
212,210,2020-10-08,9066
164,211,2021-11-12,8204
536,212,2017-03-05,5679
187,213,2024-02-22,6782
31,214,2018-05-09,9326
515,215,2019-10-31,11160
445,216,2025-07-09,9393
117,217,2024-09-10,5671
592,218,2018-10-03,9995
504,219,2025-05-10,9413
82,220,2019-01-31,7757
591,221,2016-02-16,11726
24,222,2024-04-10,11512
587,223,2023-01-25,11929
171,224,2025-05-06,5863
456,225,2021-03-31,9727
49,226,2020-02-26,7585
152,227,2022-04-13,8483
434,228,2022-07-24,6701
227,229,2025-03-25,11466
383,230,2017-01-01,10144
321,231,2024-05-07,9133
552,232,2024-06-02,5169
476,233,2024-05-25,5097
327,234,2018-03-10,6036
405,235,2016-03-22,11112
125,236,2017-05-14,9715
247,237,2024-10-29,9788
82,238,2016-02-12,7036
546,239,2017-05-29,11986
588,240,2021-04-26,7518
138,241,2023-04-01,7581
358,242,2017-05-11,6993
437,243,2016-06-22,9701
61,244,2023-09-27,9350
336,245,2025-04-07,9382
104,246,2025-08-05,9114
126,247,2016-06-23,7321
336,248,2016-09-06,6111
307,249,2018-05-19,10854
473,250,2018-04-26,8280
72,251,2026-02-27,7811
544,252,2021-07-25,6684
389,253,2024-06-29,8293
144,254,2026-04-05,8603
81,255,2018-06-07,10654
358,256,2021-09-18,10903
411,257,2022-05-16,7009
215,258,2019-12-17,6982
62,259,2023-11-24,5058
342,260,2022-02-08,7635
441,261,2017-01-05,8004
299,262,2021-01-18,10453
253,263,2016-12-18,10330
343,264,2025-08-26,8160
385,265,2018-09-07,9790
500,266,2022-05-15,6523
366,267,2019-11-21,11470
119,268,2017-02-18,8111
298,269,2018-10-05,8218
44,270,2023-05-27,6097
521,271,2026-03-20,6965
483,272,2021-06-14,6488
468,273,2016-04-25,6297
558,274,2022-09-01,8455
388,275,2020-08-05,5038
352,276,2026-04-02,7042
303,277,2017-12-26,9269
85,278,2020-03-27,11612
262,279,2018-11-16,5562
423,280,2016-11-09,5286
108,281,2022-12-28,10706
473,282,2019-08-17,10198
210,283,2019-10-03,9386
307,284,2020-08-04,11784
272,285,2016-06-24,8058
128,286,2016-06-02,6547
574,287,2022-02-17,5010
139,288,2021-07-01,6753
9,289,2018-12-17,6169
499,290,2020-09-15,6708
433,291,2017-07-04,9170
105,292,2018-12-14,10191
266,293,2023-08-02,7216
465,294,2017-04-20,9332
593,295,2018-07-30,9849
325,296,2024-11-27,6731
23,297,2022-06-14,8373
589,298,2024-12-09,5367
429,299,2021-07-21,8294
267,300,2023-10-18,11194
4,301,2022-05-22,6422
178,302,2021-09-02,9395
285,303,2022-11-18,9170
466,304,2024-07-31,7208
328,305,2024-06-17,7872
115,306,2025-08-05,10791
243,307,2025-04-27,11811
337,308,2022-01-11,11132
465,309,2017-07-10,11929
503,310,2017-05-19,8715
273,311,2025-12-17,6610
22,312,2023-03-13,8480
567,313,2022-04-12,5981
109,314,2024-06-29,8143
278,315,2024-09-12,10905
36,316,2018-04-11,7499
214,317,2022-08-16,9127
536,318,2026-02-08,5532
520,319,2021-07-14,6683
562,320,2021-04-08,8630
368,321,2021-09-28,6822
240,322,2018-05-28,8315
291,323,2024-07-13,8890
461,324,2016-02-27,11794
258,325,2017-01-21,6905
9,326,2022-10-14,5102
116,327,2019-11-30,6581
525,328,2025-04-05,10217
430,329,2016-04-04,6526
559,330,2017-06-07,8243
137,331,2019-11-29,7166
171,332,2016-06-10,7146
70,333,2023-05-07,11941
175,334,2025-09-02,6905
88,335,2022-11-08,5285
365,336,2021-01-18,8783
138,337,2016-01-30,7199
287,338,2016-09-28,5161
58,339,2023-12-07,10653
507,340,2023-09-25,9846
279,341,2017-02-12,9628
221,342,2017-10-15,7217
381,343,2024-10-03,6967
565,344,2023-03-19,5616
61,345,2022-12-20,8954
317,346,2017-02-08,10196
148,347,2017-08-13,11149
284,348,2022-02-06,8814
29,349,2022-08-02,10981
572,350,2021-04-28,6237
400,351,2018-11-13,9704
417,352,2018-04-18,6501
182,353,2020-03-08,5640
508,354,2025-06-10,7445
148,355,2018-01-29,7372
15,356,2018-12-21,11818
220,357,2017-12-07,8434
103,358,2017-03-17,9371
53,359,2016-05-25,6576
313,360,2020-04-16,9307
442,361,2017-02-10,10632
391,362,2018-05-31,5411
487,363,2016-02-19,6223
560,364,2020-06-23,8675
174,365,2016-08-17,6240
36,366,2016-05-10,9870
344,367,2024-09-27,11491
243,368,2020-05-20,11574
425,369,2024-02-03,6110
72,370,2022-05-28,7952
202,371,2020-08-03,9454
598,372,2016-05-07,5081
348,373,2021-03-19,8897
321,374,2016-05-02,5490
99,375,2021-07-20,6993
140,376,2019-09-28,11536
577,377,2016-02-20,5212
473,378,2018-06-04,10040
473,379,2017-01-01,6552
36,380,2023-05-04,8698
176,381,2017-10-18,5766
112,382,2018-04-16,9428
390,383,2022-05-08,5337
522,384,2021-04-19,5619
400,385,2021-07-23,6167
191,386,2017-05-06,5204
260,387,2019-07-19,10815
287,388,2024-05-03,8338
115,389,2021-07-24,5908
584,390,2017-11-15,9482
71,391,2021-04-25,11834
7,392,2021-02-05,7103
314,393,2018-09-30,8334
56,394,2017-08-15,11758
231,395,2024-07-08,7470
301,396,2025-08-10,11443
135,397,2018-01-22,7953
148,398,2017-01-15,10307
407,399,2016-03-04,6180
351,400,2018-01-11,6758
277,401,2024-06-20,5674
146,402,2024-03-19,10442
18,403,2022-07-17,7224
313,404,2024-04-26,11744
457,405,2024-12-11,11902
486,406,2025-11-27,6476
385,407,2022-12-02,5185
214,408,2023-07-25,6496
431,409,2023-03-12,10124
362,410,2019-07-17,5773
231,411,2026-05-08,6069
482,412,2020-08-02,5646
477,413,2022-10-04,11703
308,414,2024-01-28,9564
25,415,2023-08-05,6097
277,416,2019-11-13,11776
368,417,2022-07-21,9424
360,418,2017-04-03,8131
38,419,2017-06-22,5866
109,420,2022-06-13,10467
114,421,2019-08-02,9399
596,422,2026-05-05,11894
94,423,2017-11-30,11598
441,424,2022-01-22,8314
293,425,2024-03-19,9969
549,426,2025-12-03,8388
262,427,2021-05-15,9554
439,428,2024-11-14,9208
432,429,2017-06-03,6752
475,430,2020-04-02,5481
10,431,2021-08-10,9305
276,432,2019-07-01,8737
266,433,2016-04-06,9187
237,434,2020-11-30,11724
571,435,2016-12-28,9624
113,436,2022-05-31,5266
503,437,2019-04-09,10076
581,438,2017-06-19,5702
448,439,2019-05-16,5357
52,440,2020-07-11,9679
542,441,2025-03-28,11295
207,442,2020-05-28,9980
131,443,2025-05-07,6616
334,444,2018-08-01,7282
554,445,2019-01-06,9176
448,446,2019-01-12,8678
41,447,2021-08-27,6292
121,448,2018-07-06,9702
541,449,2020-08-07,7609
281,450,2020-11-03,6535
152,451,2024-01-05,5079
173,452,2016-09-27,6363
205,453,2024-05-03,10954
504,454,2023-09-12,11082
152,455,2025-09-18,5119
368,456,2026-02-14,7693
2,457,2025-11-07,6705
224,458,2016-01-09,5499
22,459,2016-03-15,9493
532,460,2020-03-23,7037
299,461,2024-05-04,10851
413,462,2021-01-31,6960
114,463,2022-11-12,5039
4,464,2021-10-15,9268
586,465,2024-08-12,11374
582,466,2017-01-03,5993
259,467,2017-05-02,8327
3,468,2016-04-04,9748
95,469,2020-04-23,9650
156,470,2025-03-14,6925
143,471,2023-09-08,9050
207,472,2021-02-13,11079
596,473,2023-07-20,9357
592,474,2024-02-24,8766
46,475,2020-05-09,5072
555,476,2024-11-30,11005
345,477,2019-05-14,9450
85,478,2025-08-01,9486
436,479,2021-05-20,7113
398,480,2018-09-30,5332
52,481,2016-04-04,9888
528,482,2019-02-09,10605
225,483,2018-10-17,8559
122,484,2025-12-25,5792
251,485,2020-12-30,5675
99,486,2021-11-13,5697
326,487,2017-01-13,10424
569,488,2023-03-30,8025
266,489,2019-09-12,9106
145,490,2024-07-06,9696
317,491,2017-09-06,5148
194,492,2023-02-17,7128
13,493,2016-10-07,7973
209,494,2019-08-19,11247
245,495,2019-02-11,8382
421,496,2016-05-02,8657
330,497,2020-03-16,9708
257,498,2019-03-06,9767
280,499,2025-09-05,8313
443,500,2020-12-13,6214
55,501,2017-01-26,5479
564,502,2017-07-19,7187
17,503,2025-01-31,6140
553,504,2026-03-17,5750
520,505,2017-09-15,6128
228,506,2021-10-03,8659
296,507,2016-01-05,6222
401,508,2017-07-30,5275
544,509,2019-11-20,9102
72,510,2021-07-28,7146
333,511,2026-02-23,6113
479,512,2018-07-20,11468
368,513,2023-02-22,6578
422,514,2019-06-30,6308
228,515,2019-11-11,8722
18,516,2016-02-04,7413
90,517,2017-10-15,10077
97,518,2024-08-26,9587
143,519,2022-03-09,10744
340,520,2017-03-15,9497
119,521,2023-09-13,8429
72,522,2023-01-17,6447
336,523,2019-11-18,9624
19,524,2019-03-20,10452
408,525,2017-04-13,5259
63,526,2021-03-18,9928
178,527,2018-06-16,5453
271,528,2020-10-12,8345
25,529,2016-08-08,5698
131,530,2022-04-19,6984
535,531,2017-08-10,8754
89,532,2016-05-01,5735
180,533,2018-04-01,6041
582,534,2024-03-29,10137
438,535,2016-10-08,7874
92,536,2017-05-27,5240
271,537,2021-12-20,10859
384,538,2016-02-17,9077
440,539,2020-11-17,11155
333,540,2018-07-08,11675
265,541,2019-07-02,8127
48,542,2025-10-25,7502
182,543,2026-01-09,6182
451,544,2020-09-12,6792
308,545,2020-04-17,11760
26,546,2017-03-14,10095
91,547,2019-09-25,6938
8,548,2020-02-07,9089
210,549,2024-03-16,7532
504,550,2025-06-24,6219
266,551,2018-08-20,7864
572,552,2020-09-23,5680
503,553,2020-08-05,9380
174,554,2017-10-30,7603
104,555,2024-05-27,10565
130,556,2025-04-06,8758
188,557,2020-06-02,8711
4,558,2021-09-17,8211
429,559,2023-11-21,11629
397,560,2019-12-09,10724
410,561,2017-09-17,6065
283,562,2016-11-09,10090
453,563,2025-11-29,8348
559,564,2020-12-15,9183
277,565,2024-11-10,10108
301,566,2021-04-22,8826
83,567,2023-06-06,6307
593,568,2016-09-03,10235
213,569,2020-01-21,5123
38,570,2020-08-17,5891
523,571,2019-05-27,9100
580,572,2021-06-02,7468
150,573,2017-05-29,6927
321,574,2025-09-09,7227
215,575,2019-06-13,5439
315,576,2024-02-21,8434
388,577,2022-02-21,6248
114,578,2017-09-09,5711
345,579,2024-11-12,10219
444,580,2025-06-16,7070
365,581,2017-11-01,7923
263,582,2022-06-12,11436
177,583,2016-03-11,8274
284,584,2024-12-25,7318
91,585,2024-08-05,6013
104,586,2023-07-09,10818
505,587,2024-09-05,6602
560,588,2022-03-04,5657
544,589,2017-08-24,8797
256,590,2016-01-11,10477
440,591,2018-08-14,7512
231,592,2019-10-13,10547
295,593,2021-08-11,9118
184,594,2024-02-13,5530
541,595,2021-10-17,7271
430,596,2022-01-07,5190
415,597,2020-07-17,7127
19,598,2019-11-23,11936
101,599,2025-02-26,5825
45,600,2018-01-14,5746
165,601,2025-02-20,8039
319,602,2018-03-14,10378
286,603,2016-12-02,11571
191,604,2018-10-09,5240
122,605,2023-12-10,8288
53,606,2019-06-27,10007
541,607,2020-10-02,5034
246,608,2021-07-27,6165
103,609,2024-01-01,10980
518,610,2020-04-26,5433
60,611,2018-04-09,6336
64,612,2023-11-02,6651
108,613,2022-09-01,8659
564,614,2025-04-14,9851
51,615,2016-11-24,5732
283,616,2016-05-12,5108
215,617,2019-05-04,8889
120,618,2018-09-12,5876
509,619,2024-05-19,5810
478,620,2024-07-17,10343
569,621,2020-08-26,5373
108,622,2025-12-02,10163
398,623,2025-11-30,6274
364,624,2023-09-01,10859
53,625,2024-02-04,9156
265,626,2017-02-07,9766
292,627,2025-06-24,10211
478,628,2025-03-18,9291
337,629,2025-09-22,7987
10,630,2023-01-19,5986
79,631,2018-04-23,8584
349,632,2018-07-04,7766
543,633,2017-11-09,10784
123,634,2016-04-02,8871
171,635,2022-04-05,9329
455,636,2021-11-10,11100
4,637,2021-04-15,6127
480,638,2022-09-18,11229
58,639,2024-01-07,6857
480,640,2017-04-03,8403
109,641,2020-10-13,5225
566,642,2023-09-28,9194
114,643,2024-09-26,10042
482,644,2025-05-12,6266
133,645,2026-01-08,6661
394,646,2018-10-26,8941
503,647,2024-09-08,5988
549,648,2018-03-21,8974
347,649,2025-05-23,6857
42,650,2021-01-06,8434
574,651,2025-09-06,5868
8,652,2018-01-15,11539
294,653,2022-02-18,5122
563,654,2020-02-09,11425
361,655,2021-03-21,9100
33,656,2016-03-01,6390
264,657,2023-07-03,7401
199,658,2024-12-14,11291
139,659,2018-05-23,8237
191,660,2017-10-26,11752
125,661,2020-05-19,9792
39,662,2024-11-07,8149
392,663,2022-03-08,7886
467,664,2018-11-29,8263
484,665,2016-03-22,8186
454,666,2023-08-26,10592
366,667,2016-09-28,8579
122,668,2018-10-04,9735
374,669,2023-10-25,11132
146,670,2017-01-01,7636
57,671,2024-04-01,5945
417,672,2026-01-12,7442
149,673,2020-05-09,5595
5,674,2021-05-21,5079
223,675,2018-03-20,7981
48,676,2025-02-13,10314
536,677,2024-08-06,7113
161,678,2019-03-01,11951
217,679,2023-11-18,11128
116,680,2022-12-14,9408
228,681,2022-06-25,6121
296,682,2022-01-28,7398
516,683,2016-09-27,6805
25,684,2016-02-11,7469
110,685,2024-04-13,8482
77,686,2025-02-16,5126
324,687,2025-08-15,6872
48,688,2017-08-26,5826
378,689,2026-03-22,5583
387,690,2021-05-04,10895
374,691,2024-07-24,11615
564,692,2020-05-08,10720
298,693,2020-07-13,10840
251,694,2018-08-04,10470
338,695,2018-08-11,7538
564,696,2017-01-06,5765
4,697,2019-08-27,5139
122,698,2025-11-15,11234
283,699,2026-03-24,9085
431,700,2018-11-29,11297
160,701,2021-07-02,9141
600,702,2024-10-29,8477
126,703,2019-08-03,8870
253,704,2022-03-10,7760
329,705,2024-05-07,11266
114,706,2017-07-14,9472
79,707,2026-02-27,8678
505,708,2019-09-11,11612
101,709,2017-07-02,6918
382,710,2024-07-30,9610
510,711,2021-09-06,5806
350,712,2020-01-23,7126
159,713,2020-03-21,11996
47,714,2024-07-19,10500
473,715,2017-10-20,6860
393,716,2016-03-18,6257
303,717,2024-10-27,7397
446,718,2024-07-03,11046
379,719,2024-08-26,7295
433,720,2024-09-01,8789
480,721,2017-08-01,5300
367,722,2016-09-21,8617
105,723,2016-04-21,8773
209,724,2016-09-07,11774
513,725,2021-03-14,6003
371,726,2020-04-22,11598
270,727,2024-06-18,10343
493,728,2021-12-17,10252
236,729,2021-05-24,10444
63,730,2018-06-05,5800
499,731,2019-07-26,7514
234,732,2021-12-11,5130
191,733,2025-12-18,8623
304,734,2025-03-18,5597
309,735,2021-08-23,11935
333,736,2023-11-30,8760
186,737,2020-04-19,5408
166,738,2022-04-23,6415
341,739,2018-11-29,11312
404,740,2023-09-07,9326
413,741,2017-08-27,8693
191,742,2022-03-23,9228
308,743,2016-07-06,8675
427,744,2020-10-21,7053
140,745,2016-02-12,8648
387,746,2023-08-30,6694
148,747,2021-05-12,5553
212,748,2019-10-17,6705
562,749,2026-04-29,8284
488,750,2020-09-06,10665
142,751,2020-01-06,9945
129,752,2018-06-11,9333
442,753,2024-02-05,9128
487,754,2022-10-23,5426
417,755,2026-01-17,10503
31,756,2024-12-09,7156
530,757,2026-04-20,9287
403,758,2022-08-19,10565
240,759,2017-12-23,5471
343,760,2024-09-30,8035
241,761,2018-11-29,5049
356,762,2024-11-02,5208
538,763,2025-05-10,9947
149,764,2021-04-26,6638
592,765,2020-09-08,11080
86,766,2026-02-23,7681
461,767,2020-10-23,7108
10,768,2019-07-11,6571
330,769,2020-08-12,8688
60,770,2024-04-05,8880
513,771,2022-09-04,8795
512,772,2023-12-20,7777
353,773,2018-11-09,6300
447,774,2025-07-15,5630
29,775,2018-09-15,11808
540,776,2018-11-29,6205
186,777,2021-05-07,6720
413,778,2024-05-28,11859
134,779,2021-02-08,10969
212,780,2018-01-08,5488
181,781,2017-12-19,10271
151,782,2021-05-28,5846
109,783,2024-07-16,5614
476,784,2025-04-23,8039
502,785,2020-10-10,9970
124,786,2021-07-07,5873
434,787,2017-11-04,5468
302,788,2017-10-07,10052
557,789,2020-03-03,5934
296,790,2019-01-03,11857
566,791,2020-07-13,9727
567,792,2018-08-11,5265
384,793,2017-12-20,5848
436,794,2022-06-27,5064
213,795,2022-07-22,11606
184,796,2018-02-05,5242
185,797,2024-05-17,8385
583,798,2024-11-29,9502
15,799,2017-01-26,7180
189,800,2023-08-11,8256
276,801,2021-07-22,11789
80,802,2016-09-05,8459
560,803,2016-04-13,5585
462,804,2021-03-17,11221
20,805,2026-05-02,6769
83,806,2020-06-26,6589
457,807,2025-12-12,11377
41,808,2025-12-16,7805
12,809,2016-05-14,7385
598,810,2018-03-23,6709
190,811,2020-08-19,11841
470,812,2018-01-21,7079
287,813,2020-03-23,9731
230,814,2025-07-25,5926
452,815,2017-10-16,9613
286,816,2024-10-10,8633
444,817,2018-09-16,9548
6,818,2022-01-20,6821
577,819,2016-05-13,11073
408,820,2024-06-24,7663
267,821,2016-09-06,6280
359,822,2022-11-27,10968
564,823,2019-08-24,5890
225,824,2024-04-11,9953
231,825,2017-06-05,8784
162,826,2024-07-02,9040
185,827,2022-01-24,5712
164,828,2026-01-13,9690
121,829,2025-03-21,8175
228,830,2019-11-26,10342
49,831,2019-05-07,11327
577,832,2025-02-28,8516
61,833,2017-05-28,11803
441,834,2024-01-22,8438
464,835,2020-06-06,10291
340,836,2025-03-29,6406
465,837,2025-09-04,6361
567,838,2023-03-24,7488
365,839,2018-04-21,9817
501,840,2018-12-20,10107
383,841,2016-04-05,8708
1,842,2021-09-02,9473
446,843,2019-05-19,11685
3,844,2020-09-10,11129
508,845,2020-01-28,11172
423,846,2025-06-29,5177
174,847,2016-07-01,9469
11,848,2023-06-17,10856
106,849,2022-05-03,11900
176,850,2022-09-03,5380
170,851,2018-02-01,11321
80,852,2026-02-20,8042
307,853,2025-11-22,11667
244,854,2022-12-13,5266
287,855,2018-11-27,9441
587,856,2026-04-01,5283
599,857,2018-07-11,6420
161,858,2019-11-28,6576
254,859,2018-04-24,6419
7,860,2017-11-18,7004
367,861,2016-10-02,5333
158,862,2025-01-29,8065
340,863,2019-11-10,11991
61,864,2017-04-09,10064
232,865,2019-10-14,7323
337,866,2024-12-05,10881
35,867,2018-07-14,8316
595,868,2021-08-27,11661
568,869,2025-01-24,9589
292,870,2023-10-18,11417
214,871,2022-12-30,6586
252,872,2018-02-28,6328
302,873,2025-07-12,7017
404,874,2026-04-22,6337
437,875,2017-06-25,5059
551,876,2016-04-19,7841
578,877,2024-05-16,11065
552,878,2023-03-27,6888
126,879,2017-06-01,11812
276,880,2024-06-09,7213
93,881,2017-10-24,9749
59,882,2020-12-24,11390
342,883,2024-06-04,9902
403,884,2019-07-06,10011
138,885,2016-08-19,5965
147,886,2018-09-21,9066
412,887,2018-03-22,5616
493,888,2021-02-26,7531
381,889,2019-02-12,6311
68,890,2026-03-01,5121
394,891,2018-01-16,9876
275,892,2023-03-10,5761
580,893,2018-04-12,8671
351,894,2022-12-23,11527
101,895,2022-07-28,6084
186,896,2020-06-08,8656
78,897,2023-11-19,6876
103,898,2021-05-26,8050
238,899,2024-02-07,8283
132,900,2020-09-30,7245
485,901,2019-07-28,6238
521,902,2023-01-22,8265
258,903,2020-04-18,5842
146,904,2023-11-12,5208
436,905,2017-05-08,8674
235,906,2016-04-18,5036
585,907,2022-08-26,6297
546,908,2026-02-13,7200
323,909,2025-10-22,6125
277,910,2016-09-07,6565
171,911,2023-11-28,5867
65,912,2019-12-20,10661
236,913,2025-08-23,7718
364,914,2016-02-10,7603
97,915,2019-01-14,6719
143,916,2017-02-15,9766
108,917,2019-05-11,6947
51,918,2021-10-20,11974
453,919,2021-06-10,9843
473,920,2023-02-25,6144
268,921,2021-03-24,9959
130,922,2020-03-13,10672
258,923,2025-08-23,6075
158,924,2017-01-17,9110
559,925,2018-08-25,10801
261,926,2023-01-17,11536
330,927,2023-11-08,9421
113,928,2022-08-16,6477
8,929,2019-05-24,11321
556,930,2021-06-01,9035
43,931,2020-11-02,9036
392,932,2025-04-20,9706
204,933,2018-05-05,6920
175,934,2022-08-09,9829
572,935,2020-10-27,7902
98,936,2020-01-06,10058
59,937,2017-11-10,7787
479,938,2024-01-13,9447
297,939,2020-11-09,7252
59,940,2025-11-27,9257
342,941,2023-02-20,9124
368,942,2024-03-30,9319
544,943,2018-02-25,11795
555,944,2017-12-04,11347
329,945,2023-11-05,8581
490,946,2017-07-06,8313
177,947,2016-03-14,11059
521,948,2018-12-26,8259
494,949,2017-05-28,10394
599,950,2024-09-25,6378
372,951,2019-06-03,6775
327,952,2024-04-07,8057
83,953,2024-10-23,9797
402,954,2017-11-22,9550
163,955,2017-12-08,6503
359,956,2016-02-05,11184
109,957,2021-12-24,6502
362,958,2024-03-06,11519
416,959,2017-11-19,11200
308,960,2021-01-05,6409
566,961,2020-08-11,6545
258,962,2025-11-16,6476
14,963,2017-01-06,11972
174,964,2024-11-21,6331
252,965,2026-05-04,7240
90,966,2019-03-23,9667
588,967,2017-12-17,9866
12,968,2024-11-01,5110
428,969,2020-06-03,6394
455,970,2016-06-11,6100
420,971,2020-06-20,5002
269,972,2026-04-20,11807
351,973,2025-04-14,11874
54,974,2022-07-06,7959
441,975,2018-03-06,6516
69,976,2021-05-08,11848
292,977,2023-04-04,5322
20,978,2024-01-16,6897
77,979,2016-07-23,11040
87,980,2022-06-12,6799
252,981,2020-02-27,11250
206,982,2022-01-15,10072
182,983,2017-07-04,6313
306,984,2025-05-18,8798
96,985,2016-12-21,9848
228,986,2020-04-14,11981
6,987,2023-10-17,5383
430,988,2016-03-28,9332
148,989,2021-03-04,8980
39,990,2019-08-05,8276
288,991,2020-06-27,5908
429,992,2025-04-26,11885
57,993,2021-04-25,8571
133,994,2020-05-20,7305
224,995,2023-12-12,9306
363,996,2016-02-12,5120
587,997,2019-08-26,6869
475,998,2017-12-11,6637
278,999,2020-10-01,5738
456,1000,2025-04-06,8486
151,1001,2025-08-12,6826
114,1002,2018-04-22,6623
421,1003,2017-04-14,5101
266,1004,2019-03-05,10837
96,1005,2020-11-17,7454
141,1006,2018-03-30,10860
102,1007,2020-05-12,7858
283,1008,2026-02-03,11693
295,1009,2017-04-21,11134
202,1010,2021-02-26,6463
476,1011,2021-04-08,10394
398,1012,2021-11-13,7965
489,1013,2020-09-17,11160
33,1014,2020-09-24,10673
214,1015,2024-11-10,7056
300,1016,2018-01-07,10109
47,1017,2025-03-07,7272
439,1018,2025-01-26,5569
485,1019,2019-09-04,7786
103,1020,2021-09-26,9509
452,1021,2016-03-21,5708
507,1022,2022-12-13,10042
579,1023,2018-02-12,6412
307,1024,2023-10-27,6497
43,1025,2025-11-22,6381
294,1026,2022-04-14,6795
456,1027,2019-06-14,7184
274,1028,2016-11-14,11296
509,1029,2017-11-20,6794
276,1030,2019-11-15,8509
344,1031,2024-12-04,6608
514,1032,2025-03-28,8184
587,1033,2018-11-12,8675
584,1034,2024-07-13,5088
170,1035,2020-01-10,7403
549,1036,2020-02-23,11105
231,1037,2020-03-30,11898
141,1038,2020-09-08,9582
582,1039,2016-06-18,7300
479,1040,2017-12-09,6620
529,1041,2020-11-12,11012
273,1042,2016-09-15,10348
13,1043,2016-01-14,9879
348,1044,2018-07-19,9103
346,1045,2023-01-07,7563
494,1046,2024-04-26,7194
179,1047,2017-01-09,8201
286,1048,2018-08-18,7631
17,1049,2025-05-14,11537
34,1050,2022-07-10,11398
226,1051,2021-05-07,9371
80,1052,2018-12-08,10504
438,1053,2016-07-23,7496
501,1054,2025-06-28,10304
421,1055,2024-04-06,5768
301,1056,2018-06-28,8732
518,1057,2026-03-02,9280
269,1058,2019-02-03,6738
469,1059,2016-07-28,8245
385,1060,2016-12-03,9441
463,1061,2025-06-15,10339
360,1062,2025-11-07,8404
263,1063,2026-01-18,8392
479,1064,2017-06-22,10565
398,1065,2024-06-19,6915
414,1066,2022-03-16,11628
69,1067,2020-02-15,10399
305,1068,2025-11-22,10685
90,1069,2021-10-28,8053
530,1070,2024-05-15,9988
585,1071,2016-05-17,5489
153,1072,2021-01-28,8894
171,1073,2022-06-20,11906
113,1074,2016-02-15,11365
530,1075,2019-06-15,7740
42,1076,2023-10-27,8722
576,1077,2020-04-26,5167
298,1078,2018-08-25,7976
422,1079,2024-06-10,8509
35,1080,2019-10-14,5299
234,1081,2023-12-01,7031
455,1082,2018-12-29,8480
522,1083,2018-10-03,6730
28,1084,2020-06-11,8957
451,1085,2023-06-20,6728
23,1086,2025-03-02,8314
483,1087,2023-11-10,11483
124,1088,2022-02-22,6111
188,1089,2024-03-29,6502
431,1090,2020-08-07,8894
589,1091,2023-03-16,7303
84,1092,2022-11-21,5132
525,1093,2021-01-25,9162
520,1094,2020-10-30,7695
224,1095,2021-08-19,11225
338,1096,2023-08-01,9897
48,1097,2020-05-05,8856
211,1098,2022-06-03,8397
210,1099,2019-06-01,10568
174,1100,2023-10-23,9219
516,1101,2024-06-23,8945
410,1102,2016-04-08,11077
323,1103,2024-12-15,10223
331,1104,2025-07-06,5179
310,1105,2022-05-27,6130
143,1106,2025-04-16,5966
467,1107,2016-08-28,7149
575,1108,2020-09-26,11266
80,1109,2022-02-10,8288
454,1110,2016-05-01,8335
401,1111,2018-04-23,6530
63,1112,2024-07-20,5571
412,1113,2024-07-22,6334
592,1114,2023-08-01,5121
486,1115,2018-02-24,11632
595,1116,2022-07-09,6452
522,1117,2025-05-30,10043
83,1118,2023-07-19,9641
550,1119,2017-10-16,9018
123,1120,2022-04-20,6260
429,1121,2023-11-17,7644
209,1122,2024-08-30,11588
239,1123,2021-03-14,5740
469,1124,2024-04-08,5049
547,1125,2020-09-28,11736
316,1126,2022-11-06,7149
176,1127,2020-07-17,9811
299,1128,2017-10-08,5247
212,1129,2024-01-19,10697
549,1130,2023-09-14,10446
241,1131,2025-11-30,5713
244,1132,2019-08-31,7477
20,1133,2017-04-07,7312
368,1134,2024-09-09,9633
429,1135,2021-01-15,5219
390,1136,2022-09-18,6471
66,1137,2022-12-01,7785
552,1138,2020-12-03,6555
3,1139,2020-02-15,7117
544,1140,2017-10-27,7224
238,1141,2022-04-18,9199
285,1142,2023-05-21,11441
252,1143,2025-02-06,5444
151,1144,2024-10-11,10683
78,1145,2021-03-23,10936
552,1146,2017-04-02,8393
483,1147,2021-08-18,5045
396,1148,2023-02-09,8087
278,1149,2023-06-09,6816
117,1150,2019-11-08,10285
541,1151,2022-07-03,11189
54,1152,2017-02-25,8109
259,1153,2025-11-23,11327
595,1154,2026-04-30,10920
146,1155,2026-02-08,11962
524,1156,2017-01-16,7691
2,1157,2018-03-29,8676
48,1158,2017-04-13,8899
56,1159,2022-09-19,6278
423,1160,2023-01-27,7444
44,1161,2021-01-01,5392
209,1162,2016-05-07,9203
553,1163,2016-05-08,9240
68,1164,2021-02-03,6305
412,1165,2017-09-07,9331
170,1166,2022-09-26,8396
564,1167,2017-12-13,10335
304,1168,2025-05-04,7450
540,1169,2019-08-29,11162
31,1170,2023-05-29,11968
20,1171,2021-02-17,6206
529,1172,2021-09-10,10404
594,1173,2019-10-20,9628
189,1174,2023-03-12,10298
479,1175,2023-01-29,7257
91,1176,2016-11-04,8432
553,1177,2016-01-09,8465
116,1178,2024-01-24,9913
395,1179,2025-08-17,5902
176,1180,2024-12-20,8868
416,1181,2020-05-24,6084
16,1182,2022-04-02,5271
544,1183,2017-06-30,11886
18,1184,2018-09-10,10119
123,1185,2021-02-11,5465
180,1186,2026-05-07,8451
200,1187,2023-07-17,7167
288,1188,2019-01-08,6788
334,1189,2025-01-02,9873
391,1190,2023-01-25,10332
189,1191,2023-03-14,7073
343,1192,2021-11-07,10574
497,1193,2026-02-03,5048
84,1194,2018-01-01,5089
303,1195,2025-02-01,10422
147,1196,2019-05-06,6329
383,1197,2018-05-30,8340
20,1198,2022-07-26,5737
160,1199,2018-07-01,8756
373,1200,2018-10-15,5073
188,1201,2022-03-08,7181
584,1202,2021-01-22,8318
61,1203,2018-10-20,9997
386,1204,2023-04-12,11234
460,1205,2016-01-04,6080
301,1206,2018-09-19,8075
326,1207,2017-06-28,11917
316,1208,2016-06-21,7883
364,1209,2018-06-29,10721
436,1210,2018-11-13,9106
82,1211,2023-11-06,9364
451,1212,2024-11-08,8008
286,1213,2023-08-15,5133
249,1214,2025-10-18,8277
279,1215,2025-06-04,9178
560,1216,2017-08-24,5973
361,1217,2025-10-21,10872
584,1218,2021-01-24,9082
255,1219,2021-10-21,8026
284,1220,2023-12-27,8277
421,1221,2017-09-15,6618
131,1222,2018-08-03,8505
40,1223,2020-04-10,8303
475,1224,2022-10-11,11352
542,1225,2020-07-28,7324
600,1226,2016-10-28,6059
382,1227,2022-07-09,7542
581,1228,2025-02-26,8969
179,1229,2017-07-06,11131
52,1230,2018-11-16,6523
538,1231,2020-05-03,6511
170,1232,2020-08-09,9617
132,1233,2016-02-15,8144
427,1234,2020-06-18,5595
465,1235,2022-05-20,9779
418,1236,2017-12-25,6549
354,1237,2020-03-24,9999
159,1238,2022-08-05,11039
562,1239,2018-10-12,6764
329,1240,2024-06-05,9528
489,1241,2025-09-13,8275
570,1242,2021-10-09,8801
508,1243,2021-01-21,10004
192,1244,2020-03-04,11397
445,1245,2016-02-20,7466
125,1246,2018-10-08,7087
538,1247,2017-12-08,5400
536,1248,2025-09-20,11614
258,1249,2026-01-14,9980
253,1250,2017-01-26,7681
205,1251,2022-10-06,9324
195,1252,2024-07-28,9911
87,1253,2017-09-25,6032
413,1254,2016-02-10,5240
5,1255,2026-01-21,5544
297,1256,2019-05-03,5406
478,1257,2020-06-21,6202
69,1258,2024-11-19,7498
233,1259,2025-07-25,5276
292,1260,2024-03-13,9620
73,1261,2018-06-10,7461
122,1262,2016-03-09,6672
529,1263,2025-02-06,9709
508,1264,2019-08-09,6247
557,1265,2021-04-09,6084
34,1266,2022-08-19,10020
554,1267,2020-11-15,10279
336,1268,2025-05-04,10499
393,1269,2019-05-02,6308
139,1270,2019-04-30,5093
338,1271,2022-12-18,10811
155,1272,2016-08-15,9248
188,1273,2018-08-14,7759
238,1274,2016-05-06,9671
497,1275,2020-10-13,8507
105,1276,2022-12-24,7138
573,1277,2026-02-26,10082
411,1278,2017-05-27,9656
559,1279,2026-05-01,11688
35,1280,2023-04-12,8031
412,1281,2021-12-27,6078
5,1282,2016-12-14,8881
374,1283,2018-10-04,10144
3,1284,2021-01-11,10043
419,1285,2020-08-02,5823
539,1286,2020-10-29,9684
342,1287,2021-05-21,6252
298,1288,2025-07-11,11935
7,1289,2019-06-22,7030
315,1290,2021-07-03,7110
124,1291,2023-12-21,6338
326,1292,2018-07-12,5594
199,1293,2021-05-28,10410
324,1294,2025-07-15,8315
100,1295,2016-02-22,5424
509,1296,2021-06-30,9062
202,1297,2023-03-16,6389
76,1298,2021-07-25,7864
64,1299,2018-07-13,8432
89,1300,2024-06-30,9715
184,1301,2016-07-03,6201
342,1302,2025-05-06,10095
598,1303,2022-09-13,10916
73,1304,2022-08-16,6624
529,1305,2021-06-06,6584
216,1306,2021-02-25,5330
195,1307,2019-05-06,10994
189,1308,2025-02-01,7407
318,1309,2019-01-31,11935
460,1310,2019-03-19,9505
1,1311,2024-09-28,7219
506,1312,2020-11-01,5210
455,1313,2024-05-29,9378
426,1314,2025-09-17,6054
231,1315,2019-07-15,5538
6,1316,2023-10-04,11856
482,1317,2020-08-20,7632
79,1318,2024-09-19,11201
74,1319,2024-10-26,8860
35,1320,2026-04-21,10636
571,1321,2025-07-27,11399
366,1322,2017-01-02,8959
245,1323,2023-05-16,6363
552,1324,2022-08-26,7843
81,1325,2019-01-02,7880
393,1326,2018-02-27,7095
38,1327,2022-10-14,11667
76,1328,2022-04-05,11510
363,1329,2021-09-15,5011
353,1330,2019-11-19,9461
81,1331,2024-03-04,11034
98,1332,2019-08-07,11841
463,1333,2018-12-03,7222
402,1334,2023-07-03,7996
255,1335,2022-10-02,10459
120,1336,2026-05-03,8263
49,1337,2023-04-02,9029
485,1338,2016-01-12,5414
292,1339,2016-02-16,9815
252,1340,2026-01-02,11790
13,1341,2024-01-15,7551
327,1342,2026-01-04,7553
121,1343,2022-01-19,7263
19,1344,2024-07-14,7036
560,1345,2017-09-04,6459
84,1346,2025-01-07,9420
25,1347,2023-08-21,6712
392,1348,2020-05-31,11299
165,1349,2024-08-08,11049
41,1350,2018-09-04,9208
381,1351,2026-04-07,11723
558,1352,2022-03-21,8271
286,1353,2023-01-17,10680
22,1354,2023-05-27,8643
547,1355,2022-01-22,5101
156,1356,2020-05-23,7635
162,1357,2022-10-26,10716
347,1358,2017-01-05,8130
290,1359,2023-10-05,8582
212,1360,2025-09-21,6668
243,1361,2019-11-04,10905
428,1362,2017-06-25,6639
57,1363,2018-02-16,9955
480,1364,2019-05-13,7159
22,1365,2021-08-22,9155
55,1366,2024-07-18,11296
443,1367,2021-06-19,5348
518,1368,2024-01-27,9957
572,1369,2021-06-01,5348
173,1370,2016-06-17,10566
121,1371,2022-09-21,10728
95,1372,2022-01-24,11873
289,1373,2025-09-15,6821
81,1374,2017-01-11,6635
149,1375,2025-02-02,8193
388,1376,2017-02-14,5788
344,1377,2022-01-09,7258
567,1378,2019-10-18,9594
49,1379,2019-11-05,6335
409,1380,2018-09-14,6527
123,1381,2017-04-01,9866
413,1382,2016-05-12,7418
466,1383,2024-12-15,10601
163,1384,2017-08-24,5148
322,1385,2018-07-14,9920
482,1386,2023-08-09,5057
488,1387,2021-05-09,7233
373,1388,2023-12-22,7281
304,1389,2021-05-21,10950
59,1390,2025-09-07,9356
141,1391,2026-04-20,10247
202,1392,2016-11-23,8635
66,1393,2019-03-30,8198
76,1394,2025-03-24,10059
587,1395,2019-10-20,10973
250,1396,2022-06-19,7230
432,1397,2025-10-29,11493
498,1398,2025-01-05,8174
418,1399,2017-06-25,8337
185,1400,2018-10-13,7676
591,1401,2020-03-19,5022
373,1402,2018-08-08,5111
142,1403,2024-05-26,8148
76,1404,2024-04-18,9379
309,1405,2016-03-08,6062
383,1406,2021-06-14,11659
569,1407,2026-03-04,8673
7,1408,2018-06-04,8180
530,1409,2020-07-01,5396
339,1410,2025-02-10,5424
403,1411,2018-08-26,5340
406,1412,2020-06-09,6955
445,1413,2025-04-19,5068
380,1414,2016-06-29,6058
544,1415,2025-12-12,10251
90,1416,2023-04-04,10187
440,1417,2018-12-25,11860
9,1418,2022-12-30,9464
124,1419,2016-02-14,6772
45,1420,2022-08-23,5968
169,1421,2016-08-28,11598
243,1422,2023-03-02,5236
147,1423,2020-02-03,6108
24,1424,2022-10-27,7148
348,1425,2017-10-09,10640
205,1426,2024-08-09,8768
380,1427,2022-05-17,8829
376,1428,2018-08-05,5918
589,1429,2023-04-13,11753
192,1430,2020-05-26,5341
51,1431,2022-12-27,10870
547,1432,2020-10-28,5352
137,1433,2025-09-05,8796
358,1434,2026-04-14,11674
505,1435,2019-04-24,10419
330,1436,2018-11-21,11646
280,1437,2023-01-25,9837
141,1438,2016-06-28,7613
293,1439,2024-05-18,9561
289,1440,2023-10-11,7337
338,1441,2018-07-11,9209
93,1442,2017-05-24,9566
17,1443,2023-01-27,9596
124,1444,2024-01-21,9489
399,1445,2019-11-25,10154
359,1446,2021-12-08,6731
291,1447,2025-12-09,11872
290,1448,2024-07-18,7704
408,1449,2020-07-21,6285
172,1450,2022-09-11,11506
380,1451,2017-09-03,6010
506,1452,2022-11-30,9055
54,1453,2019-07-13,10729
418,1454,2020-04-05,5098
241,1455,2025-02-06,8345
106,1456,2025-02-03,8440
143,1457,2019-06-22,9438
434,1458,2016-05-04,8667
11,1459,2019-04-28,8677
158,1460,2024-06-30,8453
416,1461,2016-03-06,6073
202,1462,2019-12-18,11551
65,1463,2020-02-08,9128
374,1464,2016-04-21,5581
384,1465,2018-03-26,10577
5,1466,2016-10-04,8614
236,1467,2023-08-14,10946
93,1468,2020-09-29,9071
97,1469,2019-07-18,8467
56,1470,2019-11-21,9313
451,1471,2022-06-01,5506
383,1472,2017-06-12,6468
262,1473,2019-05-22,5614
215,1474,2018-10-01,9839
335,1475,2019-06-13,8623
581,1476,2018-12-22,5463
385,1477,2018-12-18,10995
375,1478,2018-05-25,5795
328,1479,2023-10-15,8830
598,1480,2016-08-10,7615
472,1481,2017-05-19,9691
82,1482,2024-07-03,10267
538,1483,2023-02-23,9715
545,1484,2020-06-17,8561
308,1485,2025-07-03,10885
415,1486,2022-07-06,6759
440,1487,2019-09-14,8181
127,1488,2022-03-18,6925
200,1489,2025-11-18,7640
507,1490,2018-12-16,10138
573,1491,2021-02-27,8243
561,1492,2016-01-29,8065
480,1493,2016-07-20,11324
191,1494,2018-09-21,11111
490,1495,2025-07-03,8883
91,1496,2022-01-29,7173
251,1497,2025-08-05,5048
103,1498,2022-04-27,6520
168,1499,2016-04-14,9943
369,1500,2020-11-06,9004
248,1501,2018-06-07,6553
148,1502,2023-09-28,10787
491,1503,2018-05-21,11440
137,1504,2018-05-11,9632
415,1505,2019-03-30,7122
41,1506,2018-02-01,9593
137,1507,2019-08-12,6966
168,1508,2025-02-22,8234
472,1509,2020-03-20,10057
192,1510,2018-11-23,6354
450,1511,2021-04-23,6939
164,1512,2018-07-05,10905
548,1513,2025-09-23,7770
145,1514,2016-07-10,6119
245,1515,2023-09-10,6493
23,1516,2022-06-14,5769
258,1517,2023-09-22,5001
67,1518,2020-09-29,10053
194,1519,2018-07-22,11235
180,1520,2021-10-15,7284
301,1521,2017-07-20,6740
305,1522,2021-07-19,10405
73,1523,2022-10-12,9841
538,1524,2017-09-03,9981
10,1525,2024-12-19,10510
495,1526,2019-09-19,11716
329,1527,2025-08-31,5688
337,1528,2025-06-13,7201
351,1529,2017-06-03,8186
59,1530,2026-04-05,8625
332,1531,2020-11-22,9656
72,1532,2018-04-06,9514
227,1533,2017-05-24,5241
4,1534,2024-01-14,11818
403,1535,2024-11-04,7329
252,1536,2018-05-24,10516
159,1537,2018-01-24,11336
443,1538,2023-01-05,10936
155,1539,2026-03-31,6050
505,1540,2021-01-14,8829
479,1541,2018-06-13,6669
78,1542,2020-08-23,10947
519,1543,2023-11-06,5276
408,1544,2020-07-03,7447
490,1545,2016-04-25,11575
454,1546,2016-01-15,6698
572,1547,2020-01-20,5428
244,1548,2020-03-30,11533
36,1549,2019-10-04,10032
321,1550,2017-11-25,10111
516,1551,2024-12-05,7492
139,1552,2023-01-25,7356
87,1553,2024-02-29,11750
39,1554,2023-03-07,8874
305,1555,2024-02-29,5439
136,1556,2026-01-25,9063
277,1557,2016-03-16,10532
445,1558,2021-04-22,11402
376,1559,2021-09-04,6368
439,1560,2021-01-31,8442
142,1561,2020-02-29,9662
3,1562,2025-06-10,8520
164,1563,2016-02-26,11903
41,1564,2018-09-30,10788
415,1565,2018-02-20,11593
521,1566,2023-06-06,7923
414,1567,2025-11-25,11516
269,1568,2020-08-13,10971
73,1569,2019-03-04,9699
459,1570,2018-12-30,7580
498,1571,2023-03-29,9802
214,1572,2017-03-03,9282
223,1573,2022-08-01,10726
585,1574,2023-08-14,8968
589,1575,2025-05-28,9437
285,1576,2025-06-11,9900
80,1577,2018-11-21,9904
519,1578,2020-10-16,5281
323,1579,2025-02-15,7568
15,1580,2025-09-20,7310
213,1581,2017-08-08,11746
427,1582,2024-09-09,8575
304,1583,2018-06-05,6044
135,1584,2024-05-10,6822
264,1585,2026-01-06,8121
104,1586,2017-06-19,5826
161,1587,2024-01-22,9489
600,1588,2023-11-23,9371
77,1589,2023-05-29,5854
338,1590,2022-11-27,7361
576,1591,2019-10-22,6867
258,1592,2016-03-07,5033
75,1593,2018-01-17,10611
462,1594,2020-11-24,11072
168,1595,2017-07-17,6581
544,1596,2023-11-20,7491
510,1597,2019-05-14,6414
166,1598,2019-10-28,8257
473,1599,2024-05-15,9128
504,1600,2016-09-20,11940
526,1601,2024-09-06,9105
539,1602,2017-08-01,6054
210,1603,2021-01-18,9307
560,1604,2023-04-12,8957
60,1605,2019-09-12,10384
560,1606,2025-07-04,7376
70,1607,2020-05-07,9277
51,1608,2020-04-23,10714
79,1609,2024-03-14,6637
262,1610,2022-06-15,10262
379,1611,2020-06-29,7506
479,1612,2024-05-20,9710
550,1613,2025-10-02,7220
401,1614,2016-04-10,11168
333,1615,2021-10-11,8509
455,1616,2022-12-28,7206
581,1617,2024-09-09,11527
397,1618,2018-02-28,10556
555,1619,2018-09-15,5030
456,1620,2017-09-23,6649
405,1621,2025-01-06,5977
52,1622,2025-05-31,9448
61,1623,2022-06-08,6152
428,1624,2016-12-08,8147
411,1625,2017-06-26,5060
102,1626,2020-09-10,7643
365,1627,2026-02-06,7610
461,1628,2023-09-04,9149
417,1629,2019-02-11,7707
512,1630,2023-06-18,9282
409,1631,2019-08-13,7685
368,1632,2025-12-18,9043
361,1633,2017-02-13,6410
261,1634,2021-04-10,8530
282,1635,2016-01-24,5056
54,1636,2020-05-01,9290
458,1637,2019-10-14,9268
425,1638,2025-01-24,9349
136,1639,2019-04-07,10597
59,1640,2020-01-03,5584
425,1641,2020-04-16,7890
262,1642,2019-08-24,5872
158,1643,2017-12-18,7102
310,1644,2018-12-01,5562
525,1645,2022-08-08,10010
484,1646,2019-04-27,5040
148,1647,2024-12-27,11947
207,1648,2018-04-05,9335
417,1649,2026-03-25,9377
437,1650,2016-03-10,9198
239,1651,2025-05-19,7607
482,1652,2025-09-22,5343
66,1653,2021-01-27,5162
252,1654,2020-07-30,6589
47,1655,2025-11-21,10097
306,1656,2025-01-30,7193
158,1657,2026-04-11,6738
525,1658,2023-03-18,8368
63,1659,2017-12-11,5370
341,1660,2024-03-14,5397
554,1661,2022-11-09,11028
548,1662,2018-07-03,5249
285,1663,2024-05-16,5566
218,1664,2019-01-07,10472
593,1665,2016-02-19,9783
444,1666,2023-02-26,5542
488,1667,2022-09-08,8971
590,1668,2025-11-03,8989
139,1669,2025-06-05,7234
345,1670,2017-09-18,9548
276,1671,2017-03-24,6718
372,1672,2020-05-13,9992
277,1673,2021-11-27,5107
306,1674,2019-07-25,5346
476,1675,2018-04-18,7899
387,1676,2024-06-06,10663
504,1677,2019-05-10,9173
15,1678,2022-06-05,7636
511,1679,2023-03-07,10235
229,1680,2022-06-05,7057
20,1681,2025-12-17,7758
599,1682,2025-04-16,10144
562,1683,2016-07-03,6149
443,1684,2016-01-05,6381
257,1685,2019-01-12,6205
46,1686,2024-12-26,6910
93,1687,2019-12-20,9345
144,1688,2019-09-22,9264
288,1689,2022-11-05,11893
18,1690,2021-04-03,6566
320,1691,2017-09-21,5334
233,1692,2017-01-29,9616
451,1693,2023-06-16,8766
483,1694,2019-03-16,9362
448,1695,2021-02-28,7970
375,1696,2017-04-10,10376
317,1697,2016-09-30,9206
436,1698,2024-04-10,7189
536,1699,2024-02-03,6302
207,1700,2016-01-16,9103
535,1701,2024-06-17,10930
133,1702,2025-05-29,9967
328,1703,2024-10-27,10254
533,1704,2025-10-19,8247
527,1705,2025-01-14,7264
109,1706,2022-05-25,8442
163,1707,2018-09-29,10297
226,1708,2017-11-20,8517
32,1709,2024-04-06,10266
370,1710,2024-02-07,9494
386,1711,2024-01-13,10101
287,1712,2017-11-09,8762
431,1713,2025-05-28,8936
300,1714,2021-10-15,6718
102,1715,2025-07-10,8632
198,1716,2023-11-06,5020
394,1717,2020-07-08,6489
219,1718,2023-05-15,10261
89,1719,2020-03-01,5755
543,1720,2026-05-09,11539
93,1721,2021-04-03,9430
513,1722,2017-09-04,7415
151,1723,2025-12-09,8125
371,1724,2025-03-19,7784
577,1725,2019-07-03,8394
562,1726,2022-08-28,11848
24,1727,2020-09-17,6251
242,1728,2017-06-30,8769
148,1729,2018-06-20,10355
486,1730,2017-05-02,8688
515,1731,2022-06-30,5220
156,1732,2025-11-29,6402
234,1733,2021-04-15,10564
587,1734,2016-08-19,5294
439,1735,2019-07-19,11749
280,1736,2025-10-15,11549
556,1737,2023-01-15,10224
459,1738,2016-08-15,10497
566,1739,2019-02-23,11634
478,1740,2021-01-03,9758
331,1741,2023-11-20,7125
73,1742,2023-01-12,11480
456,1743,2020-09-19,9066
322,1744,2019-07-09,6659
538,1745,2016-11-13,11705
558,1746,2022-01-24,10114
41,1747,2025-06-14,8706
216,1748,2021-03-10,9212
68,1749,2019-12-15,9777
67,1750,2019-08-05,9047
60,1751,2022-04-03,9759
310,1752,2020-02-22,9177
400,1753,2017-11-17,8317
564,1754,2018-05-10,9141
270,1755,2022-03-04,9192
454,1756,2020-08-10,6682
538,1757,2016-04-03,6274
18,1758,2023-09-07,8923
409,1759,2016-11-20,6236
244,1760,2022-08-28,8269
112,1761,2018-01-08,5938
29,1762,2023-02-01,11960
342,1763,2024-04-11,5722
561,1764,2025-11-07,11613
560,1765,2017-02-12,6267
581,1766,2023-04-04,11464
553,1767,2021-11-12,10272
397,1768,2025-07-02,10371
101,1769,2021-09-23,11283
138,1770,2025-02-22,11622
28,1771,2023-04-11,11779
501,1772,2016-01-29,8291
398,1773,2024-01-08,11229
38,1774,2025-10-16,5970
49,1775,2021-02-05,9801
136,1776,2018-06-17,8940
151,1777,2022-08-11,9545
148,1778,2020-05-06,9532
237,1779,2018-07-06,7251
524,1780,2023-06-07,11959
448,1781,2023-06-01,7488
466,1782,2026-05-01,5378
249,1783,2024-01-02,7590
46,1784,2020-09-19,9020
336,1785,2021-02-28,9186
424,1786,2025-09-01,9248
231,1787,2018-02-21,7771
363,1788,2023-09-29,8654
14,1789,2024-12-22,8988
453,1790,2018-08-25,11059
104,1791,2024-08-03,6399
224,1792,2017-02-14,7645
338,1793,2019-10-25,10178
44,1794,2023-08-22,11915
326,1795,2020-12-07,10538
34,1796,2020-01-04,6040
96,1797,2021-11-19,8919
228,1798,2021-10-16,7243
287,1799,2018-12-14,5366
319,1800,2020-02-14,9170
551,1801,2018-05-07,5857
79,1802,2019-06-29,5523
316,1803,2025-12-15,8959
53,1804,2023-04-22,10747
105,1805,2024-06-09,6248
233,1806,2023-04-08,11498
331,1807,2025-07-17,5403
204,1808,2020-06-28,9388
455,1809,2017-04-11,7656
403,1810,2025-03-09,11360
547,1811,2022-09-30,5611
39,1812,2022-07-15,10233
449,1813,2025-11-06,8689
458,1814,2022-01-11,5437
146,1815,2018-08-08,10233
310,1816,2025-01-07,11373
274,1817,2020-01-02,8492
525,1818,2019-04-10,7157
422,1819,2021-04-21,9706
301,1820,2016-04-11,11236
238,1821,2025-03-10,11325
434,1822,2024-02-20,8500
306,1823,2025-02-17,5177
68,1824,2020-11-04,6785
138,1825,2022-11-16,7615
492,1826,2018-06-14,11212
511,1827,2021-09-03,10422
214,1828,2025-09-27,5975
364,1829,2022-07-13,9081
375,1830,2021-01-29,10786
165,1831,2022-09-29,10761
151,1832,2023-06-06,8597
240,1833,2017-03-03,9170
403,1834,2022-04-10,11340
214,1835,2023-12-20,5309
140,1836,2022-05-02,11798
91,1837,2019-09-19,9581
378,1838,2026-05-03,10777
312,1839,2023-03-16,6340
233,1840,2018-07-17,6434
308,1841,2017-01-05,8079
382,1842,2016-10-09,9505
356,1843,2023-01-11,11052
261,1844,2022-01-10,7027
598,1845,2020-11-07,11529
399,1846,2016-04-08,8822
213,1847,2019-05-13,7389
394,1848,2025-06-29,8857
261,1849,2020-05-11,6447
126,1850,2019-11-15,11086
587,1851,2020-01-01,9462
291,1852,2023-04-17,5674
499,1853,2019-01-01,11068
118,1854,2020-10-05,5521
453,1855,2016-01-13,7758
14,1856,2017-10-23,6356
79,1857,2021-10-04,10442
97,1858,2020-07-14,9624
566,1859,2016-10-21,10288
294,1860,2025-12-29,5810
234,1861,2024-10-31,11252
308,1862,2025-05-24,7240
492,1863,2020-05-02,10726
60,1864,2023-11-28,9839
262,1865,2025-03-01,9607
209,1866,2023-10-13,8988
461,1867,2019-03-24,5211
132,1868,2022-08-19,11638
129,1869,2022-01-04,8318
296,1870,2023-06-14,10217
248,1871,2018-04-04,11313
30,1872,2025-02-07,6241
435,1873,2025-07-24,10197
357,1874,2024-05-26,5242
589,1875,2024-02-21,10290
600,1876,2020-04-23,10792
192,1877,2017-04-22,9569
194,1878,2020-08-29,8089
464,1879,2021-02-25,6008
387,1880,2020-08-28,8390
446,1881,2016-11-15,5012
143,1882,2019-07-07,11116
404,1883,2026-04-06,6970
285,1884,2017-12-13,11646
33,1885,2017-07-04,11499
132,1886,2017-07-01,10570
226,1887,2019-01-05,10027
558,1888,2016-06-11,5592
214,1889,2024-02-18,8585
434,1890,2022-03-18,6808
432,1891,2021-06-22,7933
17,1892,2017-01-19,8885
464,1893,2022-11-21,5591
336,1894,2017-09-05,10207
312,1895,2019-02-04,11670
414,1896,2017-05-07,7247
301,1897,2016-04-20,10052
169,1898,2018-05-15,7009
359,1899,2016-09-13,8751
312,1900,2025-07-19,8239
370,1901,2020-11-13,7516
144,1902,2025-09-27,11627
386,1903,2025-02-14,5430
113,1904,2022-03-01,8143
253,1905,2021-06-28,11157
132,1906,2020-04-03,6787
69,1907,2022-05-13,9788
366,1908,2024-03-29,10266
391,1909,2026-01-08,10016
343,1910,2019-12-29,9773
162,1911,2023-03-03,6496
498,1912,2023-09-08,8593
385,1913,2025-07-16,7152
95,1914,2019-05-08,9979
47,1915,2016-04-17,6772
561,1916,2019-08-17,5020
184,1917,2024-05-01,11566
343,1918,2019-11-07,5520
214,1919,2025-04-29,11404
278,1920,2024-09-27,7363
262,1921,2025-10-24,9500
409,1922,2021-05-24,6152
185,1923,2021-12-24,9390
235,1924,2022-06-03,5006
308,1925,2021-04-04,11185
247,1926,2018-08-14,5541
259,1927,2026-05-17,7958
283,1928,2020-03-28,10990
86,1929,2020-03-11,10624
494,1930,2019-04-12,9753
203,1931,2017-09-01,7929
96,1932,2017-04-13,7135
469,1933,2021-11-24,9235
478,1934,2022-08-12,11749
325,1935,2018-05-25,5520
138,1936,2025-10-23,10637
9,1937,2019-03-31,5114
598,1938,2019-08-12,7338
250,1939,2020-12-10,9059
446,1940,2020-10-06,5776
527,1941,2018-03-06,5424
542,1942,2025-01-07,8063
515,1943,2016-07-30,5489
103,1944,2024-02-09,10707
549,1945,2021-05-21,6992
88,1946,2019-07-02,6688
597,1947,2016-12-11,7658
95,1948,2016-09-22,7049
235,1949,2020-11-09,8943
548,1950,2020-08-16,6399
107,1951,2024-12-21,5121
498,1952,2024-12-14,9493
80,1953,2022-02-25,8736
100,1954,2016-07-04,10039
416,1955,2023-01-28,9296
328,1956,2020-09-29,7467
132,1957,2019-09-16,11233
466,1958,2025-05-29,5433
417,1959,2023-03-15,9488
3,1960,2017-08-07,8504
593,1961,2023-05-13,6621
251,1962,2026-05-14,11624
74,1963,2020-03-04,7156
184,1964,2023-12-04,11087
201,1965,2016-02-20,8311
35,1966,2016-08-04,6512
200,1967,2016-08-10,6515
515,1968,2020-11-03,7746
344,1969,2026-03-16,10696
20,1970,2023-07-28,7674
142,1971,2017-11-19,7361
98,1972,2017-01-27,7369
158,1973,2016-04-21,8307
419,1974,2021-05-21,5300
106,1975,2019-07-14,5617
263,1976,2019-08-02,11050
580,1977,2017-08-03,5156
98,1978,2025-08-23,8291
435,1979,2026-01-05,7046
211,1980,2025-07-08,11063
532,1981,2017-07-30,6054
139,1982,2025-07-25,6119
285,1983,2016-06-02,5258
328,1984,2018-08-08,9809
134,1985,2018-01-24,10446
181,1986,2016-07-12,8051
387,1987,2017-07-26,10365
29,1988,2017-01-26,10433
48,1989,2025-07-14,5618
117,1990,2024-07-02,6701
263,1991,2021-12-28,7512
215,1992,2018-07-04,9717
104,1993,2018-02-27,6866
179,1994,2020-01-29,6487
530,1995,2020-03-31,5956
220,1996,2017-10-10,6992
261,1997,2019-10-06,11819
422,1998,2023-08-14,7320
342,1999,2017-06-01,6774
312,2000,2018-01-30,9100
410,2001,2019-05-07,11328
306,2002,2022-11-01,8626
439,2003,2024-11-22,5040
178,2004,2018-12-16,9781
525,2005,2020-10-27,8517
198,2006,2019-01-01,6424
56,2007,2024-03-07,11637
598,2008,2019-12-31,7027
448,2009,2024-05-31,8717
485,2010,2023-01-04,11725
249,2011,2019-02-07,10422
587,2012,2022-03-03,10218
370,2013,2017-12-27,10094
484,2014,2025-04-24,6900
365,2015,2020-07-15,11839
95,2016,2019-10-02,10639
182,2017,2020-04-20,8311
380,2018,2025-02-16,7723
577,2019,2025-07-01,5543
274,2020,2021-06-21,11258
400,2021,2017-10-07,8028
253,2022,2025-10-13,10239
524,2023,2016-09-05,10075
427,2024,2020-09-01,7458
108,2025,2018-12-27,8872
379,2026,2018-06-16,7041
415,2027,2025-07-09,9764
380,2028,2017-10-14,7363
453,2029,2024-09-19,7218
404,2030,2020-11-13,10895
326,2031,2023-06-24,6911
347,2032,2018-05-03,9597
595,2033,2023-11-02,10647
418,2034,2017-06-05,11241
591,2035,2022-03-08,7777
256,2036,2017-09-23,7372
208,2037,2025-11-02,10792
398,2038,2021-07-15,9852
155,2039,2019-05-04,5845
347,2040,2021-04-28,5670
161,2041,2023-03-10,8749
429,2042,2018-03-15,11102
561,2043,2018-07-08,7654
278,2044,2018-05-20,10401
294,2045,2020-08-09,9493
337,2046,2021-08-10,11136
440,2047,2018-10-06,10478
592,2048,2016-04-17,8382
104,2049,2020-05-29,10986
552,2050,2017-08-25,7425
580,2051,2021-04-10,9835
243,2052,2022-11-27,9984
560,2053,2024-10-29,10384
80,2054,2020-08-27,5787
363,2055,2025-08-25,6839
513,2056,2016-12-07,5831
404,2057,2026-01-21,11402
528,2058,2023-05-10,6611
473,2059,2016-12-28,5239
251,2060,2016-04-04,9072
214,2061,2021-04-25,6071
389,2062,2016-08-29,8862
171,2063,2024-09-09,11800
5,2064,2017-01-25,7243
550,2065,2022-11-18,8470
494,2066,2022-03-18,10829
20,2067,2022-03-27,6146
396,2068,2024-03-16,7253
588,2069,2018-05-01,5965
135,2070,2017-05-16,7338
408,2071,2024-10-15,6609
305,2072,2024-10-12,11334
453,2073,2020-06-13,6506
332,2074,2023-03-16,7277
148,2075,2024-05-24,9736
169,2076,2020-05-10,11901
304,2077,2019-11-11,11149
416,2078,2018-04-20,11684
196,2079,2022-09-14,5891
472,2080,2017-07-22,11128
600,2081,2025-08-25,11607
308,2082,2016-02-16,6763
405,2083,2025-03-15,9691
269,2084,2021-09-02,11934
82,2085,2023-06-28,5899
186,2086,2023-03-14,8388
393,2087,2024-01-22,7393
581,2088,2021-02-27,5724
420,2089,2021-01-23,10506
27,2090,2020-08-13,10586
564,2091,2018-07-07,6789
337,2092,2018-06-22,9915
114,2093,2016-05-14,5859
399,2094,2017-03-16,6391
359,2095,2024-10-21,11335
585,2096,2016-04-22,5930
411,2097,2024-09-13,10885
253,2098,2022-05-14,9928
279,2099,2024-03-14,9793
35,2100,2024-07-15,11179
84,2101,2018-03-08,6854
238,2102,2019-01-19,7227
221,2103,2021-05-04,10454
430,2104,2025-05-05,8948
211,2105,2023-09-09,7241
547,2106,2024-11-28,5822
289,2107,2016-07-05,11762
577,2108,2022-02-12,11530
272,2109,2016-12-28,10966
64,2110,2016-10-18,8556
506,2111,2022-09-25,6773
39,2112,2016-10-29,7056
558,2113,2017-01-08,5849
411,2114,2016-02-12,7317
593,2115,2023-05-04,10819
86,2116,2024-08-26,5204
49,2117,2025-07-07,7552
166,2118,2026-01-08,5316
155,2119,2021-12-09,9602
428,2120,2025-07-26,8416
122,2121,2020-07-13,9458
34,2122,2024-05-21,5592
41,2123,2018-10-06,7391
148,2124,2017-05-14,11927
206,2125,2018-11-22,9111
338,2126,2019-05-23,9534
268,2127,2025-12-16,6277
62,2128,2018-05-08,7615
203,2129,2016-11-01,8485
63,2130,2023-10-19,8916
580,2131,2023-07-12,5787
498,2132,2025-05-22,9847
103,2133,2018-04-21,9452
392,2134,2016-08-28,5654
332,2135,2024-10-29,8936
102,2136,2025-08-03,10749
89,2137,2024-11-12,9059
119,2138,2018-04-12,6107
101,2139,2022-07-15,10585
317,2140,2026-05-21,11943
17,2141,2017-07-08,7485
476,2142,2023-07-03,5035
166,2143,2021-11-03,9551
91,2144,2019-03-31,5753
123,2145,2017-06-26,11884
547,2146,2021-02-24,11972
307,2147,2019-07-22,6119
497,2148,2023-10-26,5615
219,2149,2020-11-21,8902
523,2150,2020-02-18,9021
390,2151,2019-04-21,8511
193,2152,2022-10-14,5587
245,2153,2022-03-19,11460
82,2154,2016-06-02,10219
512,2155,2019-05-20,10035
114,2156,2023-05-17,8104
126,2157,2024-10-09,9731
294,2158,2017-11-24,7043
156,2159,2017-05-02,7853
291,2160,2025-11-01,5392
78,2161,2023-12-18,6945
85,2162,2026-04-26,7748
224,2163,2019-09-19,5421
421,2164,2022-09-10,10435
444,2165,2023-06-04,6519
398,2166,2016-09-29,8330
562,2167,2018-11-03,11669
353,2168,2019-10-12,6369
331,2169,2017-12-19,11206
509,2170,2024-04-17,7554
77,2171,2016-01-09,6138
373,2172,2019-03-05,8985
67,2173,2023-12-08,8821
598,2174,2022-02-01,9892
283,2175,2021-11-02,9306
368,2176,2020-10-10,8198
290,2177,2021-09-06,9671
227,2178,2016-08-27,5250
379,2179,2017-03-10,9840
349,2180,2020-11-07,8698
357,2181,2023-06-10,8292
214,2182,2020-02-06,7982
517,2183,2019-04-28,6193
189,2184,2021-01-10,10227
89,2185,2021-02-09,6278
400,2186,2020-07-13,6091
371,2187,2020-07-17,8006
27,2188,2018-11-26,8135
9,2189,2021-05-05,5184
44,2190,2016-12-05,7408
282,2191,2017-03-31,11871
228,2192,2016-01-21,11704
388,2193,2021-09-16,10310
432,2194,2025-08-28,6474
267,2195,2016-06-14,11450
525,2196,2020-12-28,11373
106,2197,2025-10-31,5042
4,2198,2023-02-26,11657
422,2199,2020-08-02,9435
61,2200,2023-07-16,7227
103,2201,2021-06-13,6110
550,2202,2017-07-30,5063
484,2203,2020-07-27,6380
197,2204,2021-08-16,10899
114,2205,2017-05-13,7876
166,2206,2017-07-27,6878
147,2207,2022-03-11,6213
186,2208,2017-12-17,9555
159,2209,2019-03-08,5107
549,2210,2019-02-11,8858
335,2211,2025-09-18,6274
539,2212,2018-02-27,7932
305,2213,2016-05-10,5010
280,2214,2017-01-12,5319
568,2215,2019-01-02,8705
119,2216,2018-07-23,8055
105,2217,2023-11-25,5945
253,2218,2019-11-22,10464
31,2219,2025-04-06,11987
322,2220,2018-03-06,7610
454,2221,2026-05-27,6192
169,2222,2024-08-04,10268
544,2223,2022-08-22,6075
8,2224,2024-11-16,8577
297,2225,2017-04-26,10239
369,2226,2021-06-27,9559
42,2227,2022-09-18,11219
476,2228,2021-11-17,6968
30,2229,2017-06-06,9427
18,2230,2025-07-19,5596
25,2231,2026-01-13,7458
105,2232,2022-12-22,7356
338,2233,2018-09-20,7468
80,2234,2022-11-16,7727
130,2235,2024-10-27,11243
523,2236,2024-07-13,5783
269,2237,2019-03-25,8846
570,2238,2020-08-06,11552
466,2239,2019-03-24,11002
132,2240,2022-03-05,5298
180,2241,2016-12-14,10255
523,2242,2023-07-24,9550
229,2243,2016-04-02,8158
228,2244,2024-06-23,7820
510,2245,2026-03-27,9581
26,2246,2023-07-22,6862
476,2247,2022-04-05,9793
119,2248,2023-06-27,6195
100,2249,2018-06-27,11749
456,2250,2018-10-23,6962
413,2251,2022-09-08,9716
15,2252,2019-07-30,11670
340,2253,2022-03-13,7647
353,2254,2026-04-05,9038
382,2255,2022-08-23,9687
314,2256,2023-10-29,11292
22,2257,2022-02-09,11222
285,2258,2018-02-03,9717
1,2259,2025-05-09,8433
441,2260,2022-05-09,10223
51,2261,2023-09-25,7441
368,2262,2026-01-09,6255
533,2263,2022-10-25,11561
557,2264,2020-10-23,5121
387,2265,2016-09-30,10962
50,2266,2020-05-10,7716
431,2267,2021-02-25,6970
240,2268,2021-01-26,11194
280,2269,2020-02-29,8637
45,2270,2016-12-05,8269
326,2271,2017-08-12,8638
425,2272,2017-01-16,6824
429,2273,2023-06-12,9588
71,2274,2019-05-09,9814
566,2275,2016-08-27,6146
367,2276,2018-06-19,10202
21,2277,2021-09-28,7296
200,2278,2021-05-15,10921
409,2279,2022-11-27,10028
165,2280,2023-03-07,10020
408,2281,2019-04-26,7206
309,2282,2021-02-26,11339
511,2283,2025-08-22,6477
331,2284,2024-12-31,11648
10,2285,2021-12-17,7310
189,2286,2018-09-11,11094
145,2287,2026-02-07,7052
179,2288,2018-05-20,7469
525,2289,2016-01-20,11281
33,2290,2019-01-26,5655
466,2291,2023-12-15,6032
316,2292,2017-03-29,10899
339,2293,2019-11-01,7020
408,2294,2022-09-25,5884
336,2295,2021-12-29,7769
323,2296,2021-02-21,7308
599,2297,2016-04-27,8147
179,2298,2025-05-09,9087
577,2299,2025-01-26,8103
16,2300,2017-10-26,7273
169,2301,2020-02-20,8704
63,2302,2018-09-06,11249
219,2303,2018-06-26,10383
148,2304,2022-12-16,11511
347,2305,2023-07-30,9913
299,2306,2020-01-09,6485
228,2307,2025-07-06,5676
330,2308,2023-03-06,9405
143,2309,2021-11-21,8169
232,2310,2016-07-07,7289
21,2311,2026-03-23,11784
144,2312,2022-10-14,8564
402,2313,2018-01-22,10653
93,2314,2020-12-17,6293
102,2315,2021-06-11,7420
161,2316,2022-09-24,6137
135,2317,2016-04-18,7474
90,2318,2020-07-26,8801
555,2319,2026-05-27,11300
182,2320,2026-02-24,5976
368,2321,2023-09-04,6972
181,2322,2026-02-02,8326
392,2323,2022-10-10,6719
487,2324,2025-08-17,11833
6,2325,2020-06-10,6812
130,2326,2025-03-10,7907
34,2327,2018-06-01,5992
237,2328,2022-07-29,6285
513,2329,2016-07-03,7474
545,2330,2024-09-30,11728
367,2331,2016-02-01,6515
155,2332,2016-07-03,8424
98,2333,2023-07-13,9792
50,2334,2017-03-11,9722
246,2335,2023-03-18,6994
217,2336,2020-03-10,10070
232,2337,2021-06-27,9949
499,2338,2016-12-13,9945
64,2339,2016-01-09,5476
23,2340,2018-01-22,10805
596,2341,2023-04-08,7798
441,2342,2017-02-11,8086
150,2343,2018-01-24,11895
349,2344,2020-03-22,10861
288,2345,2023-11-07,9032
66,2346,2021-10-06,11061
378,2347,2019-12-20,9912
317,2348,2016-01-11,10956
461,2349,2022-07-01,10092
147,2350,2018-07-18,5003
293,2351,2024-11-25,11386
353,2352,2024-02-25,11584
223,2353,2017-07-13,11085
240,2354,2016-12-05,8154
480,2355,2021-03-21,11404
548,2356,2024-08-13,5618
292,2357,2019-09-19,8087
297,2358,2020-12-11,11012
295,2359,2025-05-24,7007
455,2360,2016-02-22,11409
122,2361,2022-11-23,7422
362,2362,2018-03-13,10551
107,2363,2026-04-26,5657
463,2364,2021-08-05,8505
431,2365,2023-12-24,8506
349,2366,2016-08-27,7822
182,2367,2023-05-22,8857
429,2368,2016-10-01,6024
28,2369,2024-10-15,9714
164,2370,2022-03-18,5708
329,2371,2021-05-06,9484
57,2372,2020-07-24,10424
76,2373,2024-12-09,10909
62,2374,2017-09-30,6081
252,2375,2016-10-10,10531
117,2376,2020-05-19,8919
561,2377,2023-08-16,8619
25,2378,2020-05-01,10154
490,2379,2023-02-04,8502
210,2380,2019-10-05,7015
139,2381,2017-09-11,6625
498,2382,2017-05-19,9416
365,2383,2022-07-27,6272
74,2384,2025-09-29,6130
388,2385,2025-03-07,10208
530,2386,2024-01-30,7330
525,2387,2020-02-14,8392
226,2388,2026-03-22,9079
86,2389,2016-12-06,7343
156,2390,2022-10-19,7552
198,2391,2016-03-29,5328
30,2392,2024-05-15,7005
465,2393,2025-04-23,7757
252,2394,2022-05-22,11163
551,2395,2022-05-01,10708
153,2396,2025-10-18,6993
75,2397,2018-04-28,6173
266,2398,2020-11-26,7822
515,2399,2025-07-19,8113
390,2400,2022-11-14,6709
130,2401,2021-05-14,11184
549,2402,2024-01-01,7112
106,2403,2021-07-03,10399
568,2404,2018-04-06,11565
509,2405,2020-08-17,7805
584,2406,2016-10-20,7792
216,2407,2026-04-23,9290
143,2408,2016-06-17,5772
101,2409,2024-09-25,7251
32,2410,2025-02-18,8177
362,2411,2017-11-01,10737
439,2412,2020-05-28,7398
189,2413,2020-10-31,8646
226,2414,2025-10-09,8021
66,2415,2025-01-12,6183
500,2416,2018-01-19,7290
324,2417,2019-11-15,6807
255,2418,2021-06-25,11835
375,2419,2023-07-18,8213
322,2420,2024-06-04,8161
481,2421,2020-08-09,7131
542,2422,2020-12-12,9188
301,2423,2022-08-08,8488
164,2424,2017-11-05,7282
592,2425,2019-03-25,10801
377,2426,2025-04-24,5985
23,2427,2019-06-10,8332
142,2428,2019-07-13,5047
424,2429,2022-06-27,6061
582,2430,2020-09-11,7678
393,2431,2021-12-26,7734
113,2432,2017-08-08,11704
56,2433,2025-09-18,8454
130,2434,2024-06-01,8664
428,2435,2023-12-22,9032
184,2436,2022-09-12,6895
328,2437,2023-11-16,5178
452,2438,2022-07-21,11370
221,2439,2018-11-20,10610
276,2440,2025-09-19,6134
75,2441,2017-06-20,9714
113,2442,2019-05-18,8580
381,2443,2026-02-07,5035
191,2444,2017-08-26,11450
201,2445,2019-04-13,9042
473,2446,2022-03-03,10648
7,2447,2019-03-21,7825
505,2448,2024-02-09,9646
475,2449,2025-08-15,6121
383,2450,2017-04-21,9257
299,2451,2023-10-30,10369
54,2452,2021-02-22,5198
209,2453,2018-07-31,10322
543,2454,2017-07-02,5766
300,2455,2021-01-28,9550
148,2456,2024-09-06,6990
198,2457,2020-12-26,10284
160,2458,2023-10-11,5459
582,2459,2023-11-01,10760
277,2460,2019-07-21,5524
405,2461,2021-06-22,8278
456,2462,2016-02-18,8239
202,2463,2020-07-25,10162
225,2464,2023-07-11,6151
533,2465,2020-10-12,6642
5,2466,2017-04-07,5551
142,2467,2025-11-26,11502
156,2468,2016-04-20,11731
51,2469,2025-12-29,10898
531,2470,2019-04-11,9123
275,2471,2017-06-02,8176
260,2472,2024-09-02,9449
209,2473,2018-04-18,11166
218,2474,2020-09-28,11955
463,2475,2023-07-30,9720
391,2476,2016-04-03,11471
522,2477,2017-11-12,10663
554,2478,2022-10-15,8321
511,2479,2024-02-12,11062
88,2480,2023-10-27,6694
391,2481,2016-02-05,11978
344,2482,2023-03-06,10547
260,2483,2022-10-20,7343
446,2484,2025-10-30,9910
137,2485,2016-04-08,9606
380,2486,2026-04-14,8434
287,2487,2022-05-16,10858
54,2488,2017-04-10,6538
150,2489,2018-12-07,10092
379,2490,2024-07-24,5766
578,2491,2018-05-31,8065
52,2492,2025-04-01,10350
1,2493,2016-11-13,5887
340,2494,2019-04-10,8207
113,2495,2021-04-30,7826
544,2496,2024-01-09,10660
62,2497,2022-01-24,5399
222,2498,2021-11-15,11010
522,2499,2022-06-21,10234
37,2500,2019-03-16,7091
70,2501,2016-09-07,7308
63,2502,2019-01-18,6982
66,2503,2019-11-28,8323
395,2504,2026-01-08,9169
349,2505,2016-11-06,10628
219,2506,2025-05-07,7704
196,2507,2021-11-09,10196
106,2508,2019-01-29,9219
223,2509,2021-05-09,7541
470,2510,2019-08-02,7885
518,2511,2016-07-23,6614
44,2512,2023-01-01,10236
13,2513,2017-02-26,8303
529,2514,2019-07-25,8124
289,2515,2021-01-06,5901
499,2516,2025-06-05,11681
462,2517,2022-02-26,7148
37,2518,2017-01-08,9982
39,2519,2017-09-25,8789
106,2520,2020-07-16,9966
540,2521,2023-10-13,9577
210,2522,2021-06-04,10748
106,2523,2020-11-20,5765
110,2524,2020-02-07,9226
399,2525,2020-10-03,11544
530,2526,2020-09-26,5924
88,2527,2022-05-18,9679
482,2528,2025-04-08,11812
395,2529,2020-12-01,7918
594,2530,2024-04-02,10839
534,2531,2018-04-07,10439
204,2532,2017-10-16,8390
68,2533,2021-05-05,5341
329,2534,2025-09-12,5230
341,2535,2022-01-05,6698
384,2536,2018-02-15,7093
366,2537,2023-03-21,9416
69,2538,2022-08-05,7848
433,2539,2019-09-02,8602
154,2540,2022-02-12,8027
253,2541,2020-02-02,6961
254,2542,2022-06-27,10375
522,2543,2017-10-30,7312
164,2544,2020-05-07,8278
146,2545,2017-01-21,8834
494,2546,2019-10-04,9583
45,2547,2016-09-29,10581
339,2548,2022-01-18,11671
275,2549,2020-10-08,8504
562,2550,2021-06-09,9954
214,2551,2016-01-18,11674
208,2552,2016-01-27,6242
528,2553,2019-10-28,6675
162,2554,2026-02-07,11764
474,2555,2018-01-02,8923
394,2556,2020-10-27,9853
574,2557,2025-02-04,10303
228,2558,2018-11-10,7594
72,2559,2023-02-26,8039
63,2560,2017-11-05,7620
129,2561,2025-10-23,9242
380,2562,2019-05-13,8493
110,2563,2018-09-04,5036
558,2564,2021-03-28,11702
196,2565,2026-04-06,5062
549,2566,2026-04-10,9622
484,2567,2017-05-27,10915
9,2568,2023-03-01,8741
230,2569,2022-03-25,10857
171,2570,2021-06-04,11499
487,2571,2021-04-05,8734
119,2572,2017-05-10,11225
514,2573,2019-04-13,6148
327,2574,2017-06-09,10679
493,2575,2023-04-26,9128
400,2576,2018-03-23,5008
63,2577,2016-02-05,8625
85,2578,2017-08-22,5599
50,2579,2025-04-11,6159
286,2580,2017-07-30,6584
303,2581,2023-07-28,7377
501,2582,2018-06-06,10552
54,2583,2019-11-29,11052
496,2584,2025-07-08,11730
458,2585,2021-04-07,5769
438,2586,2017-05-07,10552
594,2587,2022-07-14,10168
487,2588,2017-03-19,8081
374,2589,2023-12-17,9996
445,2590,2019-12-04,11323
409,2591,2020-07-07,11305
467,2592,2020-07-23,7424
42,2593,2022-10-23,9992
387,2594,2021-11-16,6921
200,2595,2019-03-23,11381
273,2596,2016-03-06,5143
376,2597,2017-09-15,6322
289,2598,2017-07-20,10525
389,2599,2023-08-26,10837
374,2600,2018-03-14,11392
470,2601,2022-12-31,6640
187,2602,2017-06-04,11863
91,2603,2022-07-01,5622
265,2604,2018-09-25,10109
14,2605,2021-02-21,5174
371,2606,2023-10-10,7330
490,2607,2023-07-14,6992
432,2608,2016-07-24,11244
117,2609,2019-10-02,9037
118,2610,2016-12-04,7693
39,2611,2024-05-10,10751
99,2612,2016-06-28,5567
407,2613,2023-12-13,11789
156,2614,2020-09-12,5073
32,2615,2021-08-26,5267
138,2616,2020-07-01,7856
574,2617,2022-05-31,10879
214,2618,2023-07-04,7143
480,2619,2026-03-15,7754
467,2620,2025-09-06,9557
209,2621,2018-06-22,7610
296,2622,2021-09-10,9099
212,2623,2020-01-07,9030
92,2624,2022-09-24,6531
111,2625,2019-03-07,9673
413,2626,2021-04-17,9670
94,2627,2025-03-05,7065
394,2628,2018-09-20,10823
518,2629,2026-05-13,8384
397,2630,2025-07-26,7323
246,2631,2025-02-09,6276
24,2632,2025-10-30,6701
94,2633,2021-07-19,10674
143,2634,2025-03-01,10385
418,2635,2020-09-29,7988
150,2636,2024-09-24,9247
146,2637,2019-06-25,8218
552,2638,2019-09-26,7161
171,2639,2024-01-30,9080
132,2640,2019-04-03,5021
41,2641,2025-02-03,5281
145,2642,2016-03-26,9473
401,2643,2023-06-13,5406
89,2644,2019-05-30,10460
387,2645,2024-11-09,5143
328,2646,2016-12-18,9826
25,2647,2022-04-10,11272
347,2648,2019-02-20,6707
147,2649,2021-07-22,5938
411,2650,2023-04-23,6662
59,2651,2025-11-09,10283
203,2652,2018-08-18,7623
431,2653,2025-06-23,10369
223,2654,2020-04-11,9901
206,2655,2025-02-07,5105
92,2656,2026-03-04,5476
59,2657,2024-02-06,5308
54,2658,2021-11-25,11723
241,2659,2016-09-27,9530
455,2660,2021-11-04,5933
4,2661,2025-01-28,7537
545,2662,2016-07-02,6421
540,2663,2023-03-21,6889
344,2664,2023-11-03,7282
67,2665,2019-10-04,9454
185,2666,2023-01-03,10594
52,2667,2022-12-21,11058
236,2668,2016-07-21,7150
226,2669,2023-02-07,8633
428,2670,2020-10-05,5725
249,2671,2024-08-21,8420
404,2672,2017-11-28,9372
26,2673,2021-09-27,11462
85,2674,2017-07-28,6123
440,2675,2021-10-30,5547
358,2676,2025-07-26,11234
586,2677,2019-05-26,11388
470,2678,2026-01-10,10713
263,2679,2024-08-16,8751
4,2680,2025-10-10,7846
226,2681,2016-10-28,11784
91,2682,2016-05-28,7857
562,2683,2018-05-18,10524
251,2684,2016-02-04,10020
444,2685,2021-07-29,6661
459,2686,2022-12-09,9127
298,2687,2017-07-25,5775
572,2688,2022-07-22,6022
316,2689,2017-07-27,10466
433,2690,2022-10-19,6906
486,2691,2020-07-29,11008
365,2692,2023-04-06,5235
107,2693,2020-07-19,11654
498,2694,2020-10-15,8923
101,2695,2021-09-16,9057
491,2696,2020-06-18,6026
544,2697,2022-01-31,11639
222,2698,2020-08-02,6934
443,2699,2022-02-09,9308
367,2700,2016-04-10,5719
407,2701,2025-11-09,11356
166,2702,2021-02-26,8289
177,2703,2022-08-22,6301
189,2704,2020-10-07,8541
446,2705,2020-12-23,9216
528,2706,2016-02-15,9668
200,2707,2021-01-07,10272
407,2708,2016-12-16,8237
333,2709,2017-11-23,6534
564,2710,2026-04-13,10249
551,2711,2022-10-31,5005
475,2712,2019-04-08,9757
598,2713,2018-09-17,11622
326,2714,2022-05-05,9386
109,2715,2017-07-09,7649
350,2716,2022-12-24,8904
492,2717,2021-03-19,6247
445,2718,2019-08-14,9941
508,2719,2020-04-06,7427
26,2720,2022-02-26,11869
193,2721,2026-03-25,9563
379,2722,2024-04-27,9359
26,2723,2019-07-22,5240
75,2724,2026-04-19,10821
298,2725,2017-05-26,11334
452,2726,2017-03-23,11395
397,2727,2019-09-12,8955
565,2728,2022-07-14,6543
586,2729,2016-10-13,11741
143,2730,2022-08-14,7887
406,2731,2019-12-08,11565
96,2732,2021-12-28,9365
452,2733,2016-11-24,10310
117,2734,2025-06-08,7526
539,2735,2020-10-21,5322
58,2736,2025-10-15,10336
370,2737,2024-09-04,5357
5,2738,2024-01-21,9943
189,2739,2018-12-08,7209
186,2740,2021-11-11,8663
575,2741,2025-05-14,9024
358,2742,2023-03-04,8793
51,2743,2023-01-09,6908
18,2744,2024-09-05,6157
201,2745,2016-03-14,6011
105,2746,2024-03-13,6228
349,2747,2023-02-08,5108
66,2748,2023-03-21,9154
401,2749,2025-05-15,10124
37,2750,2021-07-13,7254
176,2751,2022-05-30,11178
24,2752,2020-07-02,10419
353,2753,2017-09-03,6484
166,2754,2018-07-19,11971
194,2755,2020-07-29,9953
216,2756,2025-03-16,5975
575,2757,2016-03-05,8149
173,2758,2025-12-09,5342
14,2759,2024-10-09,9083
201,2760,2016-03-22,6114
268,2761,2024-10-22,6415
395,2762,2023-04-21,10821
434,2763,2017-07-22,7126
588,2764,2021-01-22,7977
245,2765,2021-04-07,11493
296,2766,2016-04-11,10712
335,2767,2021-07-19,11405
95,2768,2025-01-17,10259
284,2769,2019-06-03,8203
377,2770,2026-02-08,8342
508,2771,2018-11-13,5407
390,2772,2022-02-01,9038
214,2773,2020-01-22,10291
312,2774,2018-11-02,8052
225,2775,2018-11-07,7705
68,2776,2019-02-23,8119
440,2777,2026-01-19,9497
550,2778,2023-06-07,11739
429,2779,2019-12-20,9211
204,2780,2023-06-21,11123
275,2781,2021-09-06,6624
304,2782,2022-04-19,11073
235,2783,2023-06-01,7893
561,2784,2020-10-23,10160
164,2785,2025-08-01,8411
507,2786,2018-06-03,8556
402,2787,2025-04-22,7455
531,2788,2019-07-06,6968
158,2789,2016-04-30,10431
472,2790,2021-04-20,7989
538,2791,2021-04-13,5037
521,2792,2026-02-07,9988
298,2793,2018-09-25,6303
419,2794,2024-08-25,11587
575,2795,2018-06-13,10381
258,2796,2019-05-16,6997
441,2797,2022-09-11,10656
346,2798,2025-09-19,9387
33,2799,2019-12-29,5194
313,2800,2019-07-31,11551
62,2801,2020-01-19,10904
33,2802,2022-09-06,6432
545,2803,2019-01-07,8284
475,2804,2017-11-07,11003
9,2805,2016-07-28,8750
202,2806,2019-02-22,6410
201,2807,2022-05-12,5374
479,2808,2021-01-04,6861
502,2809,2026-03-04,6162
323,2810,2019-01-09,10201
354,2811,2023-06-24,10151
5,2812,2018-09-16,9605
30,2813,2016-09-16,8454
142,2814,2019-10-04,9580
360,2815,2017-03-26,7902
40,2816,2023-08-03,6086
5,2817,2019-05-13,7813
24,2818,2023-05-18,6515
576,2819,2017-01-20,7553
215,2820,2019-11-07,6859
67,2821,2017-07-24,8801
272,2822,2024-08-27,10601
239,2823,2025-03-30,6833
504,2824,2022-12-16,11819
339,2825,2018-02-09,5644
103,2826,2017-04-02,6165
245,2827,2023-05-14,7888
590,2828,2016-04-29,7250
171,2829,2020-06-30,7932
190,2830,2025-12-03,8774
271,2831,2017-09-02,9516
445,2832,2025-06-04,10534
390,2833,2026-02-28,6500
353,2834,2017-03-30,10668
53,2835,2021-11-14,7977
508,2836,2018-07-04,9329
198,2837,2022-03-19,10856
359,2838,2019-11-28,7396
351,2839,2016-11-24,7126
442,2840,2016-06-16,11538
83,2841,2022-07-22,6901
332,2842,2017-01-19,5642
489,2843,2023-06-19,7493
353,2844,2025-04-17,7928
321,2845,2024-06-22,10605
226,2846,2023-09-21,8717
33,2847,2026-05-11,11265
428,2848,2017-07-09,8882
191,2849,2022-02-05,11923
111,2850,2020-08-29,8732
205,2851,2018-10-10,8623
257,2852,2020-04-27,5782
144,2853,2025-06-26,5711
326,2854,2025-04-24,8896
384,2855,2020-09-29,10891
171,2856,2024-07-14,8484
264,2857,2025-11-25,5831
178,2858,2024-06-12,8475
30,2859,2021-10-05,7109
539,2860,2017-04-30,9187
453,2861,2020-05-25,6308
15,2862,2022-08-10,10090
61,2863,2020-10-02,9677
240,2864,2016-12-09,9943
442,2865,2018-09-12,5165
241,2866,2026-05-08,10066
345,2867,2016-10-29,8570
506,2868,2016-08-30,7545
344,2869,2016-05-13,10834
338,2870,2024-02-01,10042
553,2871,2017-08-08,11724
129,2872,2026-04-03,10547
429,2873,2020-12-10,6864
103,2874,2017-12-10,11230
221,2875,2019-02-22,11403
235,2876,2025-04-13,11352
544,2877,2026-04-25,9555
544,2878,2016-06-06,7527
515,2879,2019-11-10,11964
93,2880,2023-05-17,7390
156,2881,2016-08-22,6189
379,2882,2022-10-25,11683
249,2883,2020-06-29,7439
376,2884,2016-07-08,10566
149,2885,2022-03-14,6439
244,2886,2017-03-14,7017
262,2887,2017-06-26,8861
371,2888,2024-08-08,8039
453,2889,2020-03-30,8822
190,2890,2022-10-19,9994
66,2891,2017-03-27,10884
340,2892,2019-04-14,9837
25,2893,2024-05-23,7336
265,2894,2018-03-05,5696
534,2895,2025-07-17,10793
208,2896,2023-04-03,7450
255,2897,2020-11-20,10038
382,2898,2018-07-10,11517
87,2899,2025-12-10,5312
161,2900,2023-06-14,9794
496,2901,2021-06-04,5972
110,2902,2019-08-06,5129
418,2903,2017-08-25,10597
599,2904,2017-04-14,10514
479,2905,2022-10-13,6036
400,2906,2026-02-16,11408
348,2907,2025-01-26,5526
463,2908,2018-05-25,6324
522,2909,2017-04-01,11896
438,2910,2017-08-01,10614
86,2911,2024-05-03,5438
516,2912,2021-06-26,6872
160,2913,2017-10-03,5802
564,2914,2018-10-05,8252
581,2915,2026-02-02,5618
330,2916,2020-12-18,6784
472,2917,2020-11-17,11373
496,2918,2017-04-11,11331
28,2919,2020-01-10,6121
579,2920,2021-10-05,10590
463,2921,2021-06-19,5008
453,2922,2023-03-20,7392
355,2923,2025-07-15,9873
83,2924,2020-03-08,6609
58,2925,2018-11-07,7245
326,2926,2016-07-28,5084
182,2927,2016-01-25,6072
387,2928,2024-04-28,11610
534,2929,2018-09-26,9591
507,2930,2022-03-23,10021
36,2931,2025-12-12,6745
318,2932,2023-02-26,7836
57,2933,2017-11-27,9869
324,2934,2021-08-22,8274
464,2935,2024-07-15,8248
49,2936,2018-08-31,10313
49,2937,2019-01-19,5069
211,2938,2019-01-23,8343
471,2939,2023-08-14,7850
305,2940,2023-01-05,5563
550,2941,2023-12-22,10927
150,2942,2018-09-10,11461
435,2943,2022-01-27,9136
99,2944,2016-07-01,5618
250,2945,2025-04-23,9501
136,2946,2021-01-02,6413
74,2947,2016-07-17,11146
322,2948,2017-02-14,6996
251,2949,2019-02-24,8074
62,2950,2017-02-15,9468
318,2951,2017-10-16,6219
3,2952,2017-02-07,6925
549,2953,2023-05-17,9480
174,2954,2020-01-21,11521
242,2955,2017-12-12,5258
564,2956,2024-04-19,6613
79,2957,2025-11-19,11162
397,2958,2021-11-12,5995
421,2959,2018-06-29,8402
10,2960,2018-08-31,9402
579,2961,2023-08-03,10468
89,2962,2023-04-10,10745
491,2963,2018-10-02,11047
390,2964,2022-09-24,5103
478,2965,2024-05-26,9180
314,2966,2023-04-08,8982
439,2967,2021-05-28,6508
48,2968,2016-06-24,5189
363,2969,2017-06-14,5661
264,2970,2023-11-02,10875
103,2971,2024-10-02,5412
486,2972,2026-03-29,5072
468,2973,2017-04-12,8552
248,2974,2019-01-06,9592
374,2975,2025-10-09,11506
29,2976,2024-11-28,10359
546,2977,2025-05-25,9969
329,2978,2017-03-02,6477
222,2979,2021-02-22,5052
542,2980,2020-02-29,5662
113,2981,2025-11-22,11398
599,2982,2024-06-13,5659
272,2983,2024-12-14,10264
312,2984,2020-01-21,7126
373,2985,2020-09-17,9960
484,2986,2017-08-03,10053
405,2987,2019-11-10,7772
399,2988,2025-03-23,5941
191,2989,2021-01-31,8504
511,2990,2016-11-16,6935
450,2991,2021-01-01,11015
120,2992,2023-09-19,11186
514,2993,2021-08-11,8401
145,2994,2025-06-29,8486
247,2995,2022-07-22,7903
411,2996,2017-03-12,6101
412,2997,2024-07-30,11792
391,2998,2026-05-11,11359
452,2999,2022-02-05,6792
26,3000,2020-03-04,7977
507,3001,2018-04-29,8758
101,3002,2018-03-12,9460
538,3003,2021-05-11,11123
294,3004,2025-03-25,5381
170,3005,2024-03-06,6145
223,3006,2023-09-16,10368
296,3007,2023-06-25,8119
71,3008,2019-05-21,7434
401,3009,2025-12-07,8123
181,3010,2021-07-17,8475
210,3011,2024-02-27,6789
1,3012,2019-04-30,10570
114,3013,2016-10-20,11598
469,3014,2020-08-31,11382
100,3015,2023-09-03,7442
179,3016,2023-01-08,10496
105,3017,2020-03-14,6520
303,3018,2021-09-25,6857
116,3019,2022-09-27,8250
545,3020,2024-04-07,8452
213,3021,2025-12-12,8405
269,3022,2021-05-16,5222
257,3023,2020-05-09,7565
387,3024,2022-01-15,9631
397,3025,2022-08-26,9182
495,3026,2026-05-24,5178
222,3027,2020-03-25,9515
573,3028,2024-09-27,6895
4,3029,2016-04-25,7279
555,3030,2018-06-19,8984
234,3031,2020-07-02,10971
233,3032,2023-09-27,11905
81,3033,2024-08-01,7822
591,3034,2018-01-11,11117
149,3035,2024-09-27,10791
117,3036,2023-06-01,10274
172,3037,2021-05-30,5472
393,3038,2019-09-12,9901
229,3039,2019-02-21,5527
45,3040,2026-03-07,7164
52,3041,2020-03-24,11085
149,3042,2022-06-29,5771
84,3043,2022-02-03,8700
175,3044,2017-06-09,9207
161,3045,2019-02-24,8930
128,3046,2021-10-25,6577
21,3047,2016-12-24,9394
117,3048,2021-01-02,10705
598,3049,2024-08-30,8280
55,3050,2025-07-05,11777
492,3051,2019-10-02,10547
459,3052,2021-11-23,10020
534,3053,2023-05-11,7064
591,3054,2021-05-08,7333
596,3055,2022-11-21,8676
59,3056,2019-07-17,6320
139,3057,2017-03-12,9016
128,3058,2017-03-28,7286
560,3059,2025-07-28,8352
344,3060,2020-09-06,7915
530,3061,2024-04-09,5777
567,3062,2022-12-13,9378
105,3063,2025-12-30,5077
444,3064,2016-11-11,9034
217,3065,2023-02-01,11560
321,3066,2020-07-22,6992
97,3067,2020-07-28,6639
97,3068,2017-11-19,9885
473,3069,2020-02-10,11822
361,3070,2021-01-11,11700
183,3071,2024-05-08,11170
425,3072,2017-02-27,8428
313,3073,2022-10-29,8362
224,3074,2021-06-21,9592
520,3075,2016-10-17,5726
588,3076,2025-05-30,6730
539,3077,2025-07-25,10650
595,3078,2025-12-12,9794
55,3079,2020-05-24,9345
171,3080,2023-10-28,5387
117,3081,2024-07-24,6697
14,3082,2021-08-08,5629
437,3083,2021-07-15,7851
194,3084,2024-12-01,10597
176,3085,2017-04-15,8186
228,3086,2024-12-30,10661
200,3087,2020-09-22,5987
248,3088,2016-11-10,8851
540,3089,2019-09-11,7193
593,3090,2016-05-30,11179
47,3091,2019-06-25,10646
58,3092,2018-09-20,8901
168,3093,2022-09-29,7926
303,3094,2020-03-01,9226
341,3095,2021-08-24,6842
350,3096,2023-10-17,8449
241,3097,2023-08-17,9896
562,3098,2024-07-03,11806
127,3099,2017-09-19,8947
286,3100,2024-03-19,6784
158,3101,2017-08-18,7639
351,3102,2017-03-09,8587
279,3103,2016-10-12,11829
189,3104,2019-08-14,9568
69,3105,2023-01-21,11054
261,3106,2025-05-01,9043
432,3107,2026-01-26,6470
109,3108,2025-03-08,10760
187,3109,2023-12-04,6539
416,3110,2025-02-04,5305
125,3111,2023-10-22,9440
405,3112,2018-08-13,9681
268,3113,2020-01-06,7115
101,3114,2025-04-01,6703
569,3115,2018-10-27,7607
240,3116,2017-01-19,7571
399,3117,2018-06-10,11356
54,3118,2022-10-06,6985
9,3119,2026-01-12,11322
482,3120,2022-09-14,8276
534,3121,2023-06-02,11036
346,3122,2024-09-10,10093
48,3123,2023-04-18,9809
439,3124,2023-10-20,10419
314,3125,2020-01-24,11457
594,3126,2022-01-14,8807
139,3127,2023-01-22,7273
33,3128,2022-04-22,11137
181,3129,2023-11-17,5881
472,3130,2021-06-03,10210
193,3131,2019-09-08,10331
96,3132,2020-09-10,8280
521,3133,2016-09-20,5545
212,3134,2018-06-02,10092
482,3135,2018-02-25,8512
464,3136,2016-04-27,8917
140,3137,2017-05-10,8922
232,3138,2023-12-04,7406
12,3139,2023-12-03,6476
313,3140,2017-06-27,10328
176,3141,2023-04-01,6398
277,3142,2017-01-20,10638
538,3143,2025-11-11,11487
236,3144,2025-02-02,11630
63,3145,2020-08-13,10519
252,3146,2018-01-27,11008
241,3147,2020-11-12,7561
316,3148,2026-02-10,5118
97,3149,2025-12-30,9458
103,3150,2023-04-11,11479
318,3151,2019-04-03,7199
173,3152,2019-04-29,11232
567,3153,2025-10-14,11987
278,3154,2017-09-28,10483
32,3155,2017-10-06,10678
287,3156,2018-09-29,11623
377,3157,2016-01-30,10715
316,3158,2020-12-04,8369
360,3159,2023-11-13,5744
121,3160,2023-06-30,11027
528,3161,2020-10-10,10385
67,3162,2019-10-09,8412
281,3163,2016-02-03,10019
590,3164,2019-03-13,5844
317,3165,2021-07-20,7879
198,3166,2022-12-18,9416
67,3167,2026-01-23,6577
479,3168,2016-06-08,7620
319,3169,2025-04-26,10212
138,3170,2019-05-14,11871
333,3171,2017-01-17,10606
58,3172,2021-09-14,11755
184,3173,2020-04-28,5623
73,3174,2016-04-21,10267
205,3175,2019-07-27,8140
328,3176,2022-11-30,7188
186,3177,2024-05-27,9734
180,3178,2016-05-24,10195
179,3179,2018-09-17,8934
392,3180,2023-12-22,8126
444,3181,2022-07-16,10439
434,3182,2022-09-23,6419
172,3183,2022-05-23,7842
240,3184,2018-08-07,9401
393,3185,2017-01-17,9658
257,3186,2017-01-15,11838
67,3187,2023-01-04,11739
555,3188,2024-10-09,11180
197,3189,2022-10-29,10544
17,3190,2025-05-16,10088
237,3191,2024-10-13,11504
313,3192,2017-06-03,7297
153,3193,2019-04-19,5018
388,3194,2020-10-05,10516
182,3195,2021-09-29,11100
193,3196,2019-01-11,8359
196,3197,2018-04-05,11602
308,3198,2023-07-25,9238
552,3199,2022-10-12,6884
244,3200,2018-11-20,6709
484,3201,2020-02-28,5839
540,3202,2020-04-10,8573
261,3203,2024-03-15,5305
520,3204,2020-11-15,11357
371,3205,2025-02-07,7359
180,3206,2019-03-10,7040
576,3207,2017-12-24,8143
137,3208,2022-03-21,7701
352,3209,2016-03-26,8684
276,3210,2018-04-16,7785
23,3211,2022-06-23,7845
168,3212,2024-07-06,11984
573,3213,2023-02-08,9284
383,3214,2022-10-29,7228
492,3215,2025-06-17,10173
9,3216,2018-10-15,9663
438,3217,2025-01-17,9956
433,3218,2019-03-06,7676
215,3219,2019-08-14,9922
99,3220,2025-05-31,8852
415,3221,2019-09-06,5367
265,3222,2021-02-18,6020
563,3223,2021-11-12,6649
5,3224,2016-06-03,11242
349,3225,2019-01-27,6117
564,3226,2021-09-14,8730
218,3227,2019-01-30,7333
412,3228,2023-06-24,8090
529,3229,2020-11-11,8520
461,3230,2022-08-09,9414
594,3231,2018-11-23,8743
17,3232,2020-07-31,10740
110,3233,2021-02-17,10736
23,3234,2025-10-12,8549
599,3235,2016-07-29,5696
268,3236,2022-12-19,8607
85,3237,2016-11-26,5215
221,3238,2024-12-14,9289
267,3239,2024-12-04,10864
459,3240,2017-02-24,7758
402,3241,2021-05-21,11793
368,3242,2020-09-11,8540
334,3243,2016-01-01,10346
347,3244,2016-11-09,9446
518,3245,2020-09-26,5163
99,3246,2020-04-23,9025
300,3247,2018-12-04,9611
186,3248,2018-04-17,7327
213,3249,2020-02-16,10002
446,3250,2022-06-15,9236
336,3251,2016-03-17,7279
332,3252,2024-07-07,5136
344,3253,2024-10-06,8350
419,3254,2025-08-10,10795
591,3255,2024-11-13,6878
497,3256,2019-11-06,7546
47,3257,2017-07-09,11756
271,3258,2026-02-08,6457
575,3259,2020-11-15,5590
483,3260,2025-04-28,10759
550,3261,2022-08-04,6374
340,3262,2024-12-27,8651
128,3263,2019-05-16,5272
134,3264,2019-09-15,5456
247,3265,2022-01-16,7651
503,3266,2020-10-18,11099
177,3267,2024-06-21,8083
309,3268,2021-10-07,11468
74,3269,2023-01-21,8369
256,3270,2021-10-19,10298
295,3271,2022-06-04,7002
417,3272,2025-08-21,9581
54,3273,2023-07-12,8156
201,3274,2019-08-16,9195
360,3275,2018-06-23,5155
87,3276,2016-03-30,11306
82,3277,2025-07-14,11259
145,3278,2020-12-04,9499
592,3279,2020-03-25,9924
342,3280,2016-12-10,11606
214,3281,2016-01-07,11218
302,3282,2023-03-17,9126
378,3283,2017-08-26,10800
502,3284,2021-02-25,7869
537,3285,2020-03-20,11217
487,3286,2016-07-18,6771
397,3287,2019-09-03,8399
151,3288,2016-07-30,6591
433,3289,2018-06-02,7078
312,3290,2023-08-17,7304
217,3291,2023-01-19,9875
265,3292,2020-07-08,9167
387,3293,2024-05-18,11051
251,3294,2018-08-10,5859
551,3295,2016-10-21,10523
155,3296,2018-03-14,6821
380,3297,2020-12-06,10567
432,3298,2016-12-29,8905
49,3299,2021-01-11,6800
128,3300,2025-12-07,8657
309,3301,2019-02-20,7927
473,3302,2021-03-05,8506
178,3303,2023-07-28,8387
140,3304,2020-05-08,7007
402,3305,2020-12-25,9408
321,3306,2023-10-24,5337
522,3307,2022-11-20,9540
501,3308,2025-02-14,9062
272,3309,2024-10-14,9061
384,3310,2022-11-16,7233
294,3311,2023-04-16,6961
293,3312,2025-05-30,9115
343,3313,2017-07-20,9812
363,3314,2025-07-07,6558
457,3315,2024-05-29,8765
260,3316,2025-11-06,11765
29,3317,2024-06-12,11422
246,3318,2021-05-04,8189
477,3319,2020-09-15,9567
487,3320,2019-02-26,5204
272,3321,2025-10-12,6231
24,3322,2025-09-19,8932
432,3323,2021-03-28,7905
83,3324,2019-06-16,9888
456,3325,2019-12-07,6636
306,3326,2016-12-27,5622
325,3327,2024-06-16,8859
213,3328,2023-04-23,11364
213,3329,2016-08-31,10095
60,3330,2024-11-04,5264
48,3331,2022-05-27,11972
285,3332,2024-04-12,5274
419,3333,2020-03-06,8263
366,3334,2024-02-21,9147
154,3335,2018-09-18,11101
298,3336,2024-02-06,7157
352,3337,2018-09-27,9303
342,3338,2023-05-05,10383
433,3339,2020-02-05,7015
351,3340,2018-01-08,6640
134,3341,2020-08-12,8521
33,3342,2023-01-29,10599
14,3343,2025-08-30,5301
267,3344,2021-03-25,5236
585,3345,2024-04-06,5644
72,3346,2016-09-02,11026
252,3347,2025-02-19,7520
599,3348,2024-06-13,10453
371,3349,2025-03-31,8452
80,3350,2016-11-18,9915
514,3351,2022-05-14,9846
409,3352,2025-05-07,7575
83,3353,2016-12-21,9486
105,3354,2023-08-28,7607
515,3355,2018-05-30,11134
459,3356,2024-10-30,7266
412,3357,2020-10-12,5626
320,3358,2024-03-09,7510
482,3359,2021-01-11,8482
96,3360,2021-09-22,10266
419,3361,2021-09-24,8988
1,3362,2019-02-23,10902
473,3363,2024-03-21,9780
422,3364,2020-06-25,10498
393,3365,2022-02-20,6206
17,3366,2024-04-20,8054
137,3367,2020-02-19,8310
352,3368,2022-09-25,9801
384,3369,2016-03-09,9315
70,3370,2019-02-05,10884
169,3371,2023-11-12,6906
238,3372,2016-01-15,10980
185,3373,2022-06-10,10770
191,3374,2021-07-26,8463
293,3375,2025-08-04,5142
324,3376,2019-02-13,11866
493,3377,2023-08-18,6982
548,3378,2020-09-25,6431
160,3379,2016-10-01,7075
57,3380,2019-12-23,5550
222,3381,2025-10-26,5722
545,3382,2020-05-10,8080
34,3383,2019-06-16,8969
315,3384,2021-01-21,6995
219,3385,2022-03-10,9839
93,3386,2018-11-03,8717
513,3387,2019-10-22,6373
268,3388,2021-02-07,7451
310,3389,2025-04-12,6050
3,3390,2018-02-08,7681
269,3391,2019-03-01,5844
18,3392,2026-01-22,11113
171,3393,2026-04-11,10914
232,3394,2024-10-12,9133
493,3395,2023-03-27,6848
366,3396,2016-12-02,9401
417,3397,2020-08-21,7540
509,3398,2021-05-16,7477
98,3399,2018-04-14,5738
209,3400,2026-04-20,8002
79,3401,2021-09-01,10523
193,3402,2016-02-05,6157
364,3403,2021-10-06,8062
201,3404,2018-12-31,8427
326,3405,2021-12-29,11674
81,3406,2019-12-01,6720
540,3407,2024-09-12,9407
374,3408,2023-02-25,6374
122,3409,2021-06-25,9508
336,3410,2019-11-08,10100
60,3411,2025-01-26,9729
536,3412,2019-05-28,10782
78,3413,2026-04-12,6399
568,3414,2020-03-16,7705
370,3415,2025-01-21,9250
114,3416,2020-03-23,8774
354,3417,2024-07-01,10085
183,3418,2018-05-31,9407
211,3419,2025-07-29,5795
226,3420,2019-06-28,9362
586,3421,2017-01-10,9487
43,3422,2024-03-18,5454
201,3423,2021-12-22,5532
265,3424,2025-09-17,8155
194,3425,2018-11-27,6041
178,3426,2019-06-30,6286
106,3427,2023-09-23,9982
379,3428,2022-06-10,8795
248,3429,2024-07-22,11938
54,3430,2025-06-04,9813
105,3431,2017-12-11,5518
528,3432,2019-07-11,6267
484,3433,2026-02-22,6582
303,3434,2017-01-06,5713
303,3435,2024-02-12,8289
91,3436,2018-03-16,7043
86,3437,2019-09-23,10252
365,3438,2020-01-24,6603
56,3439,2016-09-14,7627
229,3440,2016-06-08,6554
61,3441,2025-01-24,7517
304,3442,2016-02-12,8684
452,3443,2021-12-22,5720
103,3444,2026-01-08,5388
418,3445,2020-01-16,10029
563,3446,2019-05-26,10436
321,3447,2019-08-02,8740
417,3448,2024-04-24,11876
443,3449,2018-08-30,11138
313,3450,2019-08-26,7486
123,3451,2024-10-12,9574
189,3452,2022-09-13,9841
101,3453,2017-08-02,8330
274,3454,2019-10-29,6250
57,3455,2020-09-03,7513
85,3456,2022-12-06,11010
106,3457,2016-04-03,8435
108,3458,2026-04-16,10691
392,3459,2023-03-09,8117
96,3460,2016-03-11,5482
540,3461,2023-02-19,6084
164,3462,2023-06-13,7048
138,3463,2024-12-21,11062
127,3464,2020-07-14,9387
145,3465,2020-09-05,11752
516,3466,2026-05-17,6031
156,3467,2023-09-15,5685
512,3468,2019-12-28,10226
412,3469,2017-11-29,10327
391,3470,2025-05-15,10064
583,3471,2024-09-26,8124
150,3472,2016-05-04,9334
199,3473,2023-01-30,7219
509,3474,2022-06-04,11550
89,3475,2024-05-12,5031
12,3476,2019-11-15,9658
236,3477,2017-07-23,10423
361,3478,2021-07-09,6060
136,3479,2022-03-07,10138
467,3480,2016-07-20,10762
207,3481,2017-10-08,6194
32,3482,2016-07-09,10287
475,3483,2026-03-28,11924
274,3484,2022-04-08,7782
506,3485,2024-03-29,6055
261,3486,2025-01-10,6567
570,3487,2021-03-11,6000
149,3488,2022-11-03,7864
91,3489,2019-04-24,7741
191,3490,2026-02-07,10875
46,3491,2019-09-18,10545
525,3492,2025-12-02,11576
24,3493,2023-12-03,6207
529,3494,2020-06-24,5130
390,3495,2016-06-28,7359
566,3496,2016-04-27,6421
187,3497,2018-12-09,5104
429,3498,2024-10-12,7937
308,3499,2025-12-09,8908
270,3500,2021-01-21,11591
